index,stadium_name,lon,lat
0,Ceres Park,56.1327356,10.196762
1,Energi Viborg Arena,56.4559039,9.40202035
2,EWII Park (Odense),55.397745,10.35022493
3,Brøndby Stadion,55.6503299,12.4170778
4,Aalborg Portland Park,57.05203525,9.898599342
5,Blue Water Arena,55.48194305,8.438397123
6,Right to Dream Park,55.81619865,12.35303259
7,Harboe Arena Slagelse,55.40040215,11.36431815
8,BioNutria Park Randers,56.46607165,10.01015413
9,Sydbank Park,55.2613291,9.4877072
10,MCH Arena,56.1169164,8.951716477
11,Blue Water Arena,55.48194305,8.438397123
12,MCH Arena,56.1169164,8.951716477
13,Ceres Park,56.1327356,10.196762
14,EWII Park (Odense),55.397745,10.35022493
15,Telia Parken,55.70270425,12.57226378
16,Brøndby Stadion,55.6503299,12.4170778
17,Harboe Arena Slagelse,55.40040215,11.36431815
18,Energi Viborg Arena,56.4559039,9.40202035
19,Blue Water Arena,55.48194305,8.438397123
20,BioNutria Park Randers,56.46607165,10.01015413
21,Aalborg Portland Park,57.05203525,9.898599342
22,Right to Dream Park,55.81619865,12.35303259
23,Sydbank Park,55.2613291,9.4877072
24,MCH Arena,56.1169164,8.951716477
25,Right to Dream Park,55.81619865,12.35303259
26,Harboe Arena Slagelse,55.40040215,11.36431815
27,Sydbank Park,55.2613291,9.4877072
28,Telia Parken,55.70270425,12.57226378
29,BioNutria Park Randers,56.46607165,10.01015413
30,Ceres Park,56.1327356,10.196762
31,EWII Park (Odense),55.397745,10.35022493
32,Energi Viborg Arena,56.4559039,9.40202035
33,Telia Parken,55.70270425,12.57226378
34,Brøndby Stadion,55.6503299,12.4170778
35,Aalborg Portland Park,57.05203525,9.898599342
36,EWII Park (Odense),55.397745,10.35022493
37,Right to Dream Park,55.81619865,12.35303259
38,Blue Water Arena,55.48194305,8.438397123
39,Energi Viborg Arena,56.4559039,9.40202035
40,Aalborg Portland Park,57.05203525,9.898599342
41,BioNutria Park Randers,56.46607165,10.01015413
42,Sydbank Park,55.2613291,9.4877072
43,Telia Parken,55.70270425,12.57226378
44,Ceres Park,56.1327356,10.196762
45,Harboe Arena Slagelse,55.40040215,11.36431815
46,Brøndby Stadion,55.6503299,12.4170778
47,MCH Arena,56.1169164,8.951716477
48,BioNutria Park Randers,56.46607165,10.01015413
49,MCH Arena,56.1169164,8.951716477
50,Sydbank Park,55.2613291,9.4877072
51,Ceres Park,56.1327356,10.196762
52,Telia Parken,55.70270425,12.57226378
53,Harboe Arena Slagelse,55.40040215,11.36431815
54,Energi Viborg Arena,56.4559039,9.40202035
55,Brøndby Stadion,55.6503299,12.4170778
56,Blue Water Arena,55.48194305,8.438397123
57,Aalborg Portland Park,57.05203525,9.898599342
58,EWII Park (Odense),55.397745,10.35022493
59,Right to Dream Park,55.81619865,12.35303259
60,BioNutria Park Randers,56.46607165,10.01015413
61,Blue Water Arena,55.48194305,8.438397123
62,Aalborg Portland Park,57.05203525,9.898599342
63,Telia Parken,55.70270425,12.57226378
64,Right to Dream Park,55.81619865,12.35303259
65,MCH Arena,56.1169164,8.951716477
66,Ceres Park,56.1327356,10.196762
67,MCH Arena,56.1169164,8.951716477
68,Harboe Arena Slagelse,55.40040215,11.36431815
69,Brøndby Stadion,55.6503299,12.4170778
70,Telia Parken,55.70270425,12.57226378
71,Sydbank Park,55.2613291,9.4877072
72,Energi Viborg Arena,56.4559039,9.40202035
73,Right to Dream Park,55.81619865,12.35303259
74,Aalborg Portland Park,57.05203525,9.898599342
75,BioNutria Park Randers,56.46607165,10.01015413
76,EWII Park (Odense),55.397745,10.35022493
77,Blue Water Arena,55.48194305,8.438397123
78,Sydbank Park,55.2613291,9.4877072
79,Telia Parken,55.70270425,12.57226378
80,Aalborg Portland Park,57.05203525,9.898599342
81,Ceres Park,56.1327356,10.196762
82,MCH Arena,56.1169164,8.951716477
83,Harboe Arena Slagelse,55.40040215,11.36431815
84,Energi Viborg Arena,56.4559039,9.40202035
85,Right to Dream Park,55.81619865,12.35303259
86,EWII Park (Odense),55.397745,10.35022493
87,Blue Water Arena,55.48194305,8.438397123
88,Brøndby Stadion,55.6503299,12.4170778
89,BioNutria Park Randers,56.46607165,10.01015413
90,Sydbank Park,55.2613291,9.4877072
91,BioNutria Park Randers,56.46607165,10.01015413
92,Ceres Park,56.1327356,10.196762
93,Telia Parken,55.70270425,12.57226378
94,MCH Arena,56.1169164,8.951716477
95,Aalborg Portland Park,57.05203525,9.898599342
96,Harboe Arena Slagelse,55.40040215,11.36431815
97,Energi Viborg Arena,56.4559039,9.40202035
98,Right to Dream Park,55.81619865,12.35303259
99,EWII Park (Odense),55.397745,10.35022493
100,Brøndby Stadion,55.6503299,12.4170778
101,Blue Water Arena,55.48194305,8.438397123
102,Right to Dream Park,55.81619865,12.35303259
103,Telia Parken,55.70270425,12.57226378
104,BioNutria Park Randers,56.46607165,10.01015413
105,MCH Arena,56.1169164,8.951716477
106,Sydbank Park,55.2613291,9.4877072
107,Aalborg Portland Park,57.05203525,9.898599342
108,Harboe Arena Slagelse,55.40040215,11.36431815
109,EWII Park (Odense),55.397745,10.35022493
110,Energi Viborg Arena,56.4559039,9.40202035
111,Ceres Park,56.1327356,10.196762
112,Brøndby Stadion,55.6503299,12.4170778
113,Blue Water Arena,55.48194305,8.438397123
114,Right to Dream Park,55.81619865,12.35303259
115,Sydbank Park,55.2613291,9.4877072
116,Blue Water Arena,55.48194305,8.438397123
117,Aalborg Portland Park,57.05203525,9.898599342
118,BioNutria Park Randers,56.46607165,10.01015413
119,Telia Parken,55.70270425,12.57226378
120,Harboe Arena Slagelse,55.40040215,11.36431815
121,Ceres Park,56.1327356,10.196762
122,Energi Viborg Arena,56.4559039,9.40202035
123,Brøndby Stadion,55.6503299,12.4170778
124,EWII Park (Odense),55.397745,10.35022493
125,MCH Arena,56.1169164,8.951716477
126,Sydbank Park,55.2613291,9.4877072
127,Right to Dream Park,55.81619865,12.35303259
128,EWII Park (Odense),55.397745,10.35022493
129,Aalborg Portland Park,57.05203525,9.898599342
130,Blue Water Arena,55.48194305,8.438397123
131,BioNutria Park Randers,56.46607165,10.01015413
132,Harboe Arena Slagelse,55.40040215,11.36431815
133,MCH Arena,56.1169164,8.951716477
134,Sydbank Park,55.2613291,9.4877072
135,Telia Parken,55.70270425,12.57226378
136,Brøndby Stadion,55.6503299,12.4170778
137,Ceres Park,56.1327356,10.196762
138,EWII Park (Odense),55.397745,10.35022493
139,Blue Water Arena,55.48194305,8.438397123
140,BioNutria Park Randers,56.46607165,10.01015413
141,Energi Viborg Arena,56.4559039,9.40202035
142,Aalborg Portland Park,57.05203525,9.898599342
143,Right to Dream Park,55.81619865,12.35303259
144,Ceres Park,56.1327356,10.196762
145,MCH Arena,56.1169164,8.951716477
146,Energi Viborg Arena,56.4559039,9.40202035
147,Telia Parken,55.70270425,12.57226378
148,Brøndby Stadion,55.6503299,12.4170778
149,Harboe Arena Slagelse,55.40040215,11.36431815
150,Sydbank Park,55.2613291,9.4877072
151,MCH Arena,56.1169164,8.951716477
152,BioNutria Park Randers,56.46607165,10.01015413
153,Telia Parken,55.70270425,12.57226378
154,Aalborg Portland Park,57.05203525,9.898599342
155,Right to Dream Park,55.81619865,12.35303259
156,Energi Viborg Arena,56.4559039,9.40202035
157,EWII Park (Odense),55.397745,10.35022493
158,Blue Water Arena,55.48194305,8.438397123
159,Harboe Arena Slagelse,55.40040215,11.36431815
160,Brøndby Stadion,55.6503299,12.4170778
161,Ceres Park,56.1327356,10.196762
163,Harboe Arena Slagelse,55.40040215,11.36431815
164,Aalborg Portland Park,57.05203525,9.898599342
165,Sydbank Park,55.2613291,9.4877072
166,MCH Arena,56.1169164,8.951716477
167,Ceres Park,56.1327356,10.196762
168,Telia Parken,55.70270425,12.57226378
169,BioNutria Park Randers,56.46607165,10.01015413
170,EWII Park (Odense),55.397745,10.35022493
171,Energi Viborg Arena,56.4559039,9.40202035
172,Brøndby Stadion,55.6503299,12.4170778
173,Right to Dream Park,55.81619865,12.35303259
174,Blue Water Arena,55.48194305,8.438397123
175,BioNutria Park Randers,56.46607165,10.01015413
176,Aalborg Portland Park,57.05203525,9.898599342
177,Sydbank Park,55.2613291,9.4877072
178,MCH Arena,56.1169164,8.951716477
179,Telia Parken,55.70270425,12.57226378
180,Ceres Park,56.1327356,10.196762
181,Blue Water Arena,55.48194305,8.438397123
182,Right to Dream Park,55.81619865,12.35303259
183,Energi Viborg Arena,56.4559039,9.40202035
184,EWII Park (Odense),55.397745,10.35022493
185,Brøndby Stadion,55.6503299,12.4170778
186,Harboe Arena Slagelse,55.40040215,11.36431815
187,Energi Viborg Arena,56.4559039,9.40202035
188,Brøndby Stadion,55.6503299,12.4170778
189,Harboe Arena Slagelse,55.40040215,11.36431815
190,Ceres Park,56.1327356,10.196762
191,MCH Arena,56.1169164,8.951716477
192,EWII Park (Odense),55.397745,10.35022493
193,Telia Parken,55.70270425,12.57226378
194,Sydbank Park,55.2613291,9.4877072
195,Aalborg Portland Park,57.05203525,9.898599342
196,BioNutria Park Randers,56.46607165,10.01015413
197,Right to Dream Park,55.81619865,12.35303259
198,Blue Water Arena,55.48194305,8.438397123
199,No value,None,None
200,Right to Dream Park,55.81619865,12.35303259
201,Sydbank Park,55.2613291,9.4877072
202,EWII Park (Odense),55.397745,10.35022493
203,MASCOT PARK (Silkeborg),56.184187,9.575152258
204,MCH Arena,56.1169164,8.951716477
205,Blue Water Arena,55.48194305,8.438397123
206,Harboe Arena Slagelse,55.40040215,11.36431815
207,Aalborg Portland Park,57.05203525,9.898599342
208,Telia Parken,55.70270425,12.57226378
209,BioNutria Park Randers,56.46607165,10.01015413
210,Blue Water Arena,55.48194305,8.438397123
211,Brøndby Stadion,55.6503299,12.4170778
212,MASCOT PARK (Silkeborg),56.184187,9.575152258
213,Harboe Arena Slagelse,55.40040215,11.36431815
214,EWII Park (Odense),55.397745,10.35022493
215,Right to Dream Park,55.81619865,12.35303259
216,HDS Arena,55.7211638,12.3686863
217,MCH Arena,56.1169164,8.951716477
218,BioNutria Park Randers,56.46607165,10.01015413
219,Aalborg Portland Park,57.05203525,9.898599342
220,Sydbank Park,55.2613291,9.4877072
221,Telia Parken,55.70270425,12.57226378
222,Brøndby Stadion,55.6503299,12.4170778
223,Blue Water Arena,55.48194305,8.438397123
224,Telia Parken,55.70270425,12.57226378
225,Aalborg Portland Park,57.05203525,9.898599342
226,Harboe Arena Slagelse,55.40040215,11.36431815
227,Brøndby Stadion,55.6503299,12.4170778
228,BioNutria Park Randers,56.46607165,10.01015413
229,HDS Arena,55.7211638,12.3686863
230,Sydbank Park,55.2613291,9.4877072
231,MASCOT PARK (Silkeborg),56.184187,9.575152258
232,MCH Arena,56.1169164,8.951716477
233,Right to Dream Park,55.81619865,12.35303259
234,EWII Park (Odense),55.397745,10.35022493
235,HDS Arena,55.7211638,12.3686863
236,MCH Arena,56.1169164,8.951716477
237,Aalborg Portland Park,57.05203525,9.898599342
238,MASCOT PARK (Silkeborg),56.184187,9.575152258
239,Brøndby Stadion,55.6503299,12.4170778
240,Blue Water Arena,55.48194305,8.438397123
241,Sydbank Park,55.2613291,9.4877072
242,BioNutria Park Randers,56.46607165,10.01015413
243,HDS Arena,55.7211638,12.3686863
244,EWII Park (Odense),55.397745,10.35022493
245,Telia Parken,55.70270425,12.57226378
246,Right to Dream Park,55.81619865,12.35303259
247,Harboe Arena Slagelse,55.40040215,11.36431815
248,Aalborg Portland Park,57.05203525,9.898599342
249,Sydbank Park,55.2613291,9.4877072
250,MASCOT PARK (Silkeborg),56.184187,9.575152258
251,MCH Arena,56.1169164,8.951716477
252,Blue Water Arena,55.48194305,8.438397123
253,Right to Dream Park,55.81619865,12.35303259
254,HDS Arena,55.7211638,12.3686863
255,EWII Park (Odense),55.397745,10.35022493
256,Harboe Arena Slagelse,55.40040215,11.36431815
257,BioNutria Park Randers,56.46607165,10.01015413
258,Telia Parken,55.70270425,12.57226378
259,Brøndby Stadion,55.6503299,12.4170778
260,Aalborg Portland Park,57.05203525,9.898599342
261,Right to Dream Park,55.81619865,12.35303259
262,MCH Arena,56.1169164,8.951716477
263,Brøndby Stadion,55.6503299,12.4170778
264,Telia Parken,55.70270425,12.57226378
265,Blue Water Arena,55.48194305,8.438397123
266,MASCOT PARK (Silkeborg),56.184187,9.575152258
267,Sydbank Park,55.2613291,9.4877072
268,BioNutria Park Randers,56.46607165,10.01015413
269,HDS Arena,55.7211638,12.3686863
270,Blue Water Arena,55.48194305,8.438397123
271,Right to Dream Park,55.81619865,12.35303259
272,MCH Arena,56.1169164,8.951716477
273,Harboe Arena Slagelse,55.40040215,11.36431815
274,EWII Park (Odense),55.397745,10.35022493
275,Telia Parken,55.70270425,12.57226378
276,Brøndby Stadion,55.6503299,12.4170778
277,Aalborg Portland Park,57.05203525,9.898599342
278,MASCOT PARK (Silkeborg),56.184187,9.575152258
279,BioNutria Park Randers,56.46607165,10.01015413
280,Sydbank Park,55.2613291,9.4877072
281,Aalborg Portland Park,57.05203525,9.898599342
282,HDS Arena,55.7211638,12.3686863
283,Right to Dream Park,55.81619865,12.35303259
284,Harboe Arena Slagelse,55.40040215,11.36431815
285,Blue Water Arena,55.48194305,8.438397123
286,Telia Parken,55.70270425,12.57226378
287,EWII Park (Odense),55.397745,10.35022493
288,Brøndby Stadion,55.6503299,12.4170778
289,MCH Arena,56.1169164,8.951716477
290,Sydbank Park,55.2613291,9.4877072
291,MASCOT PARK (Silkeborg),56.184187,9.575152258
292,HDS Arena,55.7211638,12.3686863
293,Right to Dream Park,55.81619865,12.35303259
294,Aalborg Portland Park,57.05203525,9.898599342
295,MCH Arena,56.1169164,8.951716477
296,BioNutria Park Randers,56.46607165,10.01015413
297,EWII Park (Odense),55.397745,10.35022493
298,Harboe Arena Slagelse,55.40040215,11.36431815
299,Brøndby Stadion,55.6503299,12.4170778
300,Telia Parken,55.70270425,12.57226378
301,Blue Water Arena,55.48194305,8.438397123
302,Right to Dream Park,55.81619865,12.35303259
303,MASCOT PARK (Silkeborg),56.184187,9.575152258
304,Sydbank Park,55.2613291,9.4877072
305,Telia Parken,55.70270425,12.57226378
306,Aalborg Portland Park,57.05203525,9.898599342
307,MCH Arena,56.1169164,8.951716477
308,Harboe Arena Slagelse,55.40040215,11.36431815
309,HDS Arena,55.7211638,12.3686863
310,BioNutria Park Randers,56.46607165,10.01015413
311,EWII Park (Odense),55.397745,10.35022493
312,Brøndby Stadion,55.6503299,12.4170778
313,Blue Water Arena,55.48194305,8.438397123
314,Right to Dream Park,55.81619865,12.35303259
315,MASCOT PARK (Silkeborg),56.184187,9.575152258
316,Telia Parken,55.70270425,12.57226378
317,MCH Arena,56.1169164,8.951716477
318,Aalborg Portland Park,57.05203525,9.898599342
319,Harboe Arena Slagelse,55.40040215,11.36431815
320,BioNutria Park Randers,56.46607165,10.01015413
321,Sydbank Park,55.2613291,9.4877072
322,Right to Dream Park,55.81619865,12.35303259
323,Blue Water Arena,55.48194305,8.438397123
324,Brøndby Stadion,55.6503299,12.4170778
325,HDS Arena,55.7211638,12.3686863
326,EWII Park (Odense),55.397745,10.35022493
327,MCH Arena,56.1169164,8.951716477
328,MASCOT PARK (Silkeborg),56.184187,9.575152258
329,Aalborg Portland Park,57.05203525,9.898599342
330,Harboe Arena Slagelse,55.40040215,11.36431815
331,Telia Parken,55.70270425,12.57226378
332,Sydbank Park,55.2613291,9.4877072
333,HDS Arena,55.7211638,12.3686863
334,Blue Water Arena,55.48194305,8.438397123
335,Brøndby Stadion,55.6503299,12.4170778
336,BioNutria Park Randers,56.46607165,10.01015413
337,EWII Park (Odense),55.397745,10.35022493
338,HDS Arena,55.7211638,12.3686863
339,BioNutria Park Randers,56.46607165,10.01015413
340,Right to Dream Park,55.81619865,12.35303259
341,Aalborg Portland Park,57.05203525,9.898599342
342,Sydbank Park,55.2613291,9.4877072
343,MASCOT PARK (Silkeborg),56.184187,9.575152258
344,MCH Arena,56.1169164,8.951716477
345,Harboe Arena Slagelse,55.40040215,11.36431815
346,EWII Park (Odense),55.397745,10.35022493
347,Brøndby Stadion,55.6503299,12.4170778
348,Telia Parken,55.70270425,12.57226378
349,Blue Water Arena,55.48194305,8.438397123
350,Blue Water Arena,55.48194305,8.438397123
351,Right to Dream Park,55.81619865,12.35303259
352,Sydbank Park,55.2613291,9.4877072
353,Brøndby Stadion,55.6503299,12.4170778
354,BioNutria Park Randers,56.46607165,10.01015413
355,HDS Arena,55.7211638,12.3686863
356,Aalborg Portland Park,57.05203525,9.898599342
357,MASCOT PARK (Silkeborg),56.184187,9.575152258
358,Harboe Arena Slagelse,55.40040215,11.36431815
359,Telia Parken,55.70270425,12.57226378
360,EWII Park (Odense),55.397745,10.35022493
361,MCH Arena,56.1169164,8.951716477
362,BioNutria Park Randers,56.46607165,10.01015413
363,Blue Water Arena,55.48194305,8.438397123
364,HDS Arena,55.7211638,12.3686863
365,EWII Park (Odense),55.397745,10.35022493
366,Brøndby Stadion,55.6503299,12.4170778
367,Harboe Arena Slagelse,55.40040215,11.36431815
368,Aalborg Portland Park,57.05203525,9.898599342
369,HDS Arena,55.7211638,12.3686863
370,MASCOT PARK (Silkeborg),56.184187,9.575152258
371,MCH Arena,56.1169164,8.951716477
372,Right to Dream Park,55.81619865,12.35303259
373,Sydbank Park,55.2613291,9.4877072
374,EWII Park (Odense),55.397745,10.35022493
375,Telia Parken,55.70270425,12.57226378
376,BioNutria Park Randers,56.46607165,10.01015413
377,Harboe Arena Slagelse,55.40040215,11.36431815
378,Brøndby Stadion,55.6503299,12.4170778
379,Blue Water Arena,55.48194305,8.438397123
380,Sydbank Park,55.2613291,9.4877072
381,Right to Dream Park,55.81619865,12.35303259
382,MASCOT PARK (Silkeborg),56.184187,9.575152258
383,Telia Parken,55.70270425,12.57226378
384,MCH Arena,56.1169164,8.951716477
385,Aalborg Portland Park,57.05203525,9.898599342
386,Blue Water Arena,55.48194305,8.438397123
387,BioNutria Park Randers,56.46607165,10.01015413
388,HDS Arena,55.7211638,12.3686863
389,Sydbank Park,55.2613291,9.4877072
390,Right to Dream Park,55.81619865,12.35303259
391,MASCOT PARK (Silkeborg),56.184187,9.575152258
392,EWII Park (Odense),55.397745,10.35022493
393,Brøndby Stadion,55.6503299,12.4170778
394,Aalborg Portland Park,57.05203525,9.898599342
395,MCH Arena,56.1169164,8.951716477
396,Telia Parken,55.70270425,12.57226378
397,Harboe Arena Slagelse,55.40040215,11.36431815
398,No value,None,None
399,Right to Dream Park,55.81619865,12.35303259
400,MCH Arena,56.1169164,8.951716477
401,EWII Park (Odense),55.397745,10.35022493
402,Ceres Park,56.1327356,10.196762
403,Aalborg Portland Park,57.05203525,9.898599342
404,HDS Arena,55.7211638,12.3686863
405,Sydbank Park,55.2613291,9.4877072
406,BioNutria Park Randers,56.46607165,10.01015413
407,Brøndby Stadion,55.6503299,12.4170778
408,Blue Water Arena,55.48194305,8.438397123
409,Energi Viborg Arena,56.4559039,9.40202035
410,Energi Viborg Arena,56.4559039,9.40202035
411,MCH Arena,56.1169164,8.951716477
412,Ceres Park,56.1327356,10.196762
413,Sydbank Park,55.2613291,9.4877072
414,Brøndby Stadion,55.6503299,12.4170778
415,Right to Dream Park,55.81619865,12.35303259
416,EWII Park (Odense),55.397745,10.35022493
417,HDS Arena,55.7211638,12.3686863
418,Blue Water Arena,55.48194305,8.438397123
419,Telia Parken,55.70270425,12.57226378
420,BioNutria Park Randers,56.46607165,10.01015413
421,Aalborg Portland Park,57.05203525,9.898599342
422,MCH Arena,56.1169164,8.951716477
423,Ceres Park,56.1327356,10.196762
424,Right to Dream Park,55.81619865,12.35303259
425,Energi Viborg Arena,56.4559039,9.40202035
426,EWII Park (Odense),55.397745,10.35022493
427,Sydbank Park,55.2613291,9.4877072
428,HDS Arena,55.7211638,12.3686863
429,BioNutria Park Randers,56.46607165,10.01015413
430,Brøndby Stadion,55.6503299,12.4170778
431,Telia Parken,55.70270425,12.57226378
432,Blue Water Arena,55.48194305,8.438397123
433,Aalborg Portland Park,57.05203525,9.898599342
434,Ceres Park,56.1327356,10.196762
435,Sydbank Park,55.2613291,9.4877072
436,Aalborg Portland Park,57.05203525,9.898599342
437,Right to Dream Park,55.81619865,12.35303259
438,EWII Park (Odense),55.397745,10.35022493
439,MCH Arena,56.1169164,8.951716477
440,HDS Arena,55.7211638,12.3686863
441,Energi Viborg Arena,56.4559039,9.40202035
442,BioNutria Park Randers,56.46607165,10.01015413
443,Telia Parken,55.70270425,12.57226378
444,Brøndby Stadion,55.6503299,12.4170778
445,Blue Water Arena,55.48194305,8.438397123
446,Telia Parken,55.70270425,12.57226378
447,Ceres Park,56.1327356,10.196762
448,EWII Park (Odense),55.397745,10.35022493
449,MCH Arena,56.1169164,8.951716477
450,Telia Parken,55.70270425,12.57226378
451,Aalborg Portland Park,57.05203525,9.898599342
452,Blue Water Arena,55.48194305,8.438397123
453,Sydbank Park,55.2613291,9.4877072
454,Energi Viborg Arena,56.4559039,9.40202035
455,Brøndby Stadion,55.6503299,12.4170778
456,BioNutria Park Randers,56.46607165,10.01015413
457,Right to Dream Park,55.81619865,12.35303259
458,HDS Arena,55.7211638,12.3686863
459,Right to Dream Park,55.81619865,12.35303259
460,BioNutria Park Randers,56.46607165,10.01015413
461,Aalborg Portland Park,57.05203525,9.898599342
462,Telia Parken,55.70270425,12.57226378
463,Brøndby Stadion,55.6503299,12.4170778
465,MCH Arena,56.1169164,8.951716477
466,EWII Park (Odense),55.397745,10.35022493
467,Ceres Park,56.1327356,10.196762
468,Energi Viborg Arena,56.4559039,9.40202035
469,Telia Parken,55.70270425,12.57226378
470,Blue Water Arena,55.48194305,8.438397123
471,HDS Arena,55.7211638,12.3686863
472,Energi Viborg Arena,56.4559039,9.40202035
473,Right to Dream Park,55.81619865,12.35303259
474,Sydbank Park,55.2613291,9.4877072
475,Brøndby Stadion,55.6503299,12.4170778
476,BioNutria Park Randers,56.46607165,10.01015413
477,Blue Water Arena,55.48194305,8.438397123
478,MCH Arena,56.1169164,8.951716477
479,Aalborg Portland Park,57.05203525,9.898599342
480,Telia Parken,55.70270425,12.57226378
481,EWII Park (Odense),55.397745,10.35022493
482,Ceres Park,56.1327356,10.196762
483,Sydbank Park,55.2613291,9.4877072
484,BioNutria Park Randers,56.46607165,10.01015413
485,HDS Arena,55.7211638,12.3686863
486,Energi Viborg Arena,56.4559039,9.40202035
487,MCH Arena,56.1169164,8.951716477
488,Brøndby Stadion,55.6503299,12.4170778
489,EWII Park (Odense),55.397745,10.35022493
490,Right to Dream Park,55.81619865,12.35303259
491,Blue Water Arena,55.48194305,8.438397123
492,Telia Parken,55.70270425,12.57226378
493,Ceres Park,56.1327356,10.196762
494,Aalborg Portland Park,57.05203525,9.898599342
495,Energi Viborg Arena,56.4559039,9.40202035
496,BioNutria Park Randers,56.46607165,10.01015413
497,Sydbank Park,55.2613291,9.4877072
498,Brøndby Stadion,55.6503299,12.4170778
499,EWII Park (Odense),55.397745,10.35022493
501,HDS Arena,55.7211638,12.3686863
502,Blue Water Arena,55.48194305,8.438397123
503,Right to Dream Park,55.81619865,12.35303259
504,Telia Parken,55.70270425,12.57226378
505,Aalborg Portland Park,57.05203525,9.898599342
506,EWII Park (Odense),55.397745,10.35022493
507,BioNutria Park Randers,56.46607165,10.01015413
508,Energi Viborg Arena,56.4559039,9.40202035
509,Telia Parken,55.70270425,12.57226378
510,Brøndby Stadion,55.6503299,12.4170778
511,MCH Arena,56.1169164,8.951716477
512,MCH Arena,56.1169164,8.951716477
513,Aalborg Portland Park,57.05203525,9.898599342
514,HDS Arena,55.7211638,12.3686863
515,Blue Water Arena,55.48194305,8.438397123
516,Sydbank Park,55.2613291,9.4877072
517,Ceres Park,56.1327356,10.196762
518,Right to Dream Park,55.81619865,12.35303259
519,Blue Water Arena,55.48194305,8.438397123
520,Energi Viborg Arena,56.4559039,9.40202035
521,EWII Park (Odense),55.397745,10.35022493
522,Brøndby Stadion,55.6503299,12.4170778
523,Telia Parken,55.70270425,12.57226378
524,MCH Arena,56.1169164,8.951716477
525,Aalborg Portland Park,57.05203525,9.898599342
526,HDS Arena,55.7211638,12.3686863
527,Sydbank Park,55.2613291,9.4877072
528,BioNutria Park Randers,56.46607165,10.01015413
529,Right to Dream Park,55.81619865,12.35303259
530,Brøndby Stadion,55.6503299,12.4170778
531,Aalborg Portland Park,57.05203525,9.898599342
532,Ceres Park,56.1327356,10.196762
533,EWII Park (Odense),55.397745,10.35022493
534,Telia Parken,55.70270425,12.57226378
535,MCH Arena,56.1169164,8.951716477
536,Blue Water Arena,55.48194305,8.438397123
537,Energi Viborg Arena,56.4559039,9.40202035
538,Sydbank Park,55.2613291,9.4877072
539,HDS Arena,55.7211638,12.3686863
540,BioNutria Park Randers,56.46607165,10.01015413
541,Brøndby Stadion,55.6503299,12.4170778
542,Right to Dream Park,55.81619865,12.35303259
543,Right to Dream Park,55.81619865,12.35303259
544,Ceres Park,56.1327356,10.196762
545,EWII Park (Odense),55.397745,10.35022493
546,Aalborg Portland Park,57.05203525,9.898599342
547,Telia Parken,55.70270425,12.57226378
548,Blue Water Arena,55.48194305,8.438397123
549,MCH Arena,56.1169164,8.951716477
550,HDS Arena,55.7211638,12.3686863
551,Sydbank Park,55.2613291,9.4877072
552,Energi Viborg Arena,56.4559039,9.40202035
553,Brøndby Stadion,55.6503299,12.4170778
554,BioNutria Park Randers,56.46607165,10.01015413
555,Ceres Park,56.1327356,10.196762
556,HDS Arena,55.7211638,12.3686863
557,Right to Dream Park,55.81619865,12.35303259
558,Aalborg Portland Park,57.05203525,9.898599342
559,Telia Parken,55.70270425,12.57226378
560,Blue Water Arena,55.48194305,8.438397123
561,Sydbank Park,55.2613291,9.4877072
562,BioNutria Park Randers,56.46607165,10.01015413
563,Energi Viborg Arena,56.4559039,9.40202035
564,EWII Park (Odense),55.397745,10.35022493
565,MCH Arena,56.1169164,8.951716477
566,Brøndby Stadion,55.6503299,12.4170778
567,Sydbank Park,55.2613291,9.4877072
568,HDS Arena,55.7211638,12.3686863
569,Ceres Park,56.1327356,10.196762
570,Right to Dream Park,55.81619865,12.35303259
571,BioNutria Park Randers,56.46607165,10.01015413
572,Aalborg Portland Park,57.05203525,9.898599342
573,MCH Arena,56.1169164,8.951716477
574,EWII Park (Odense),55.397745,10.35022493
575,Energi Viborg Arena,56.4559039,9.40202035
576,Telia Parken,55.70270425,12.57226378
577,Blue Water Arena,55.48194305,8.438397123
578,Ceres Park,56.1327356,10.196762
579,Sydbank Park,55.2613291,9.4877072
580,Right to Dream Park,55.81619865,12.35303259
581,BioNutria Park Randers,56.46607165,10.01015413
582,HDS Arena,55.7211638,12.3686863
583,Aalborg Portland Park,57.05203525,9.898599342
584,Brøndby Stadion,55.6503299,12.4170778
585,Ceres Park,56.1327356,10.196762
586,Right to Dream Park,55.81619865,12.35303259
587,Aalborg Portland Park,57.05203525,9.898599342
588,HDS Arena,55.7211638,12.3686863
589,Sydbank Park,55.2613291,9.4877072
590,Blue Water Arena,55.48194305,8.438397123
591,BioNutria Park Randers,56.46607165,10.01015413
592,Brøndby Stadion,55.6503299,12.4170778
593,EWII Park (Odense),55.397745,10.35022493
594,Energi Viborg Arena,56.4559039,9.40202035
595,MCH Arena,56.1169164,8.951716477
596,Telia Parken,55.70270425,12.57226378
597,No value,None,None
598,Energi Viborg Arena,56.4559039,9.40202035
599,EWII Park (Odense),55.397745,10.35022493
600,Telia Parken,55.70270425,12.57226378
601,Sydbank Park,55.2613291,9.4877072
602,Aalborg Portland Park,57.05203525,9.898599342
603,Brøndby Stadion,55.6503299,12.4170778
604,MCH Arena,56.1169164,8.951716477
605,Ceres Park,56.1327356,10.196762
606,Blue Water Arena,55.48194305,8.438397123
607,CASA Arena Horsens,55.87177805,9.857520727
608,Lyngby Stadion,55.7813228,12.50571451
609,MASCOT PARK (Silkeborg),56.184187,9.575152258
610,Right to Dream Park,55.81619865,12.35303259
611,BioNutria Park Randers,56.46607165,10.01015413
612,Energi Viborg Arena,56.4559039,9.40202035
613,Telia Parken,55.70270425,12.57226378
614,Sydbank Park,55.2613291,9.4877072
615,MCH Arena,56.1169164,8.951716477
616,Brøndby Stadion,55.6503299,12.4170778
617,Ceres Park,56.1327356,10.196762
618,Aalborg Portland Park,57.05203525,9.898599342
619,BioNutria Park Randers,56.46607165,10.01015413
620,MASCOT PARK (Silkeborg),56.184187,9.575152258
621,EWII Park (Odense),55.397745,10.35022493
622,Right to Dream Park,55.81619865,12.35303259
623,Sydbank Park,55.2613291,9.4877072
624,MCH Arena,56.1169164,8.951716477
625,Blue Water Arena,55.48194305,8.438397123
626,Energi Viborg Arena,56.4559039,9.40202035
627,Lyngby Stadion,55.7813228,12.50571451
628,CASA Arena Horsens,55.87177805,9.857520727
629,Telia Parken,55.70270425,12.57226378
630,EWII Park (Odense),55.397745,10.35022493
631,Brøndby Stadion,55.6503299,12.4170778
632,Aalborg Portland Park,57.05203525,9.898599342
633,Right to Dream Park,55.81619865,12.35303259
634,CASA Arena Horsens,55.87177805,9.857520727
635,Telia Parken,55.70270425,12.57226378
636,MASCOT PARK (Silkeborg),56.184187,9.575152258
637,Ceres Park,56.1327356,10.196762
638,MCH Arena,56.1169164,8.951716477
639,Blue Water Arena,55.48194305,8.438397123
640,BioNutria Park Randers,56.46607165,10.01015413
641,Lyngby Stadion,55.7813228,12.50571451
642,Sydbank Park,55.2613291,9.4877072
643,EWII Park (Odense),55.397745,10.35022493
644,Brøndby Stadion,55.6503299,12.4170778
645,Aalborg Portland Park,57.05203525,9.898599342
646,Energi Viborg Arena,56.4559039,9.40202035
647,BioNutria Park Randers,56.46607165,10.01015413
648,MCH Arena,56.1169164,8.951716477
649,Energi Viborg Arena,56.4559039,9.40202035
650,Telia Parken,55.70270425,12.57226378
651,Sydbank Park,55.2613291,9.4877072
652,Aalborg Portland Park,57.05203525,9.898599342
653,Ceres Park,56.1327356,10.196762
654,Blue Water Arena,55.48194305,8.438397123
655,MASCOT PARK (Silkeborg),56.184187,9.575152258
656,Right to Dream Park,55.81619865,12.35303259
657,EWII Park (Odense),55.397745,10.35022493
658,Brøndby Stadion,55.6503299,12.4170778
659,CASA Arena Horsens,55.87177805,9.857520727
660,Lyngby Stadion,55.7813228,12.50571451
661,Blue Water Arena,55.48194305,8.438397123
662,BioNutria Park Randers,56.46607165,10.01015413
663,CASA Arena Horsens,55.87177805,9.857520727
664,Ceres Park,56.1327356,10.196762
665,Sydbank Park,55.2613291,9.4877072
666,Lyngby Stadion,55.7813228,12.50571451
667,Aalborg Portland Park,57.05203525,9.898599342
668,Telia Parken,55.70270425,12.57226378
669,Energi Viborg Arena,56.4559039,9.40202035
670,BioNutria Park Randers,56.46607165,10.01015413
671,Brøndby Stadion,55.6503299,12.4170778
672,MCH Arena,56.1169164,8.951716477
673,Right to Dream Park,55.81619865,12.35303259
674,MASCOT PARK (Silkeborg),56.184187,9.575152258
675,EWII Park (Odense),55.397745,10.35022493
676,MASCOT PARK (Silkeborg),56.184187,9.575152258
677,CASA Arena Horsens,55.87177805,9.857520727
678,Aalborg Portland Park,57.05203525,9.898599342
679,Lyngby Stadion,55.7813228,12.50571451
680,Energi Viborg Arena,56.4559039,9.40202035
681,Brøndby Stadion,55.6503299,12.4170778
682,Sydbank Park,55.2613291,9.4877072
683,Ceres Park,56.1327356,10.196762
684,Telia Parken,55.70270425,12.57226378
685,BioNutria Park Randers,56.46607165,10.01015413
686,Right to Dream Park,55.81619865,12.35303259
687,MCH Arena,56.1169164,8.951716477
688,Blue Water Arena,55.48194305,8.438397123
689,Aalborg Portland Park,57.05203525,9.898599342
690,Energi Viborg Arena,56.4559039,9.40202035
691,Lyngby Stadion,55.7813228,12.50571451
692,CASA Arena Horsens,55.87177805,9.857520727
693,EWII Park (Odense),55.397745,10.35022493
694,Brøndby Stadion,55.6503299,12.4170778
695,Blue Water Arena,55.48194305,8.438397123
696,MASCOT PARK (Silkeborg),56.184187,9.575152258
697,Right to Dream Park,55.81619865,12.35303259
698,Lyngby Stadion,55.7813228,12.50571451
699,Sydbank Park,55.2613291,9.4877072
700,Brøndby Stadion,55.6503299,12.4170778
701,MCH Arena,56.1169164,8.951716477
702,Ceres Park,56.1327356,10.196762
703,Blue Water Arena,55.48194305,8.438397123
704,Ceres Park,56.1327356,10.196762
705,BioNutria Park Randers,56.46607165,10.01015413
706,EWII Park (Odense),55.397745,10.35022493
707,CASA Arena Horsens,55.87177805,9.857520727
708,Energi Viborg Arena,56.4559039,9.40202035
709,Telia Parken,55.70270425,12.57226378
710,Lyngby Stadion,55.7813228,12.50571451
711,Aalborg Portland Park,57.05203525,9.898599342
712,Right to Dream Park,55.81619865,12.35303259
713,BioNutria Park Randers,56.46607165,10.01015413
714,EWII Park (Odense),55.397745,10.35022493
715,Sydbank Park,55.2613291,9.4877072
716,MASCOT PARK (Silkeborg),56.184187,9.575152258
717,Aalborg Portland Park,57.05203525,9.898599342
718,CASA Arena Horsens,55.87177805,9.857520727
719,Energi Viborg Arena,56.4559039,9.40202035
720,Lyngby Stadion,55.7813228,12.50571451
721,Blue Water Arena,55.48194305,8.438397123
722,Brøndby Stadion,55.6503299,12.4170778
723,MCH Arena,56.1169164,8.951716477
724,Ceres Park,56.1327356,10.196762
725,Sydbank Park,55.2613291,9.4877072
726,Telia Parken,55.70270425,12.57226378
727,Right to Dream Park,55.81619865,12.35303259
728,BioNutria Park Randers,56.46607165,10.01015413
729,MASCOT PARK (Silkeborg),56.184187,9.575152258
730,EWII Park (Odense),55.397745,10.35022493
731,CASA Arena Horsens,55.87177805,9.857520727
732,Telia Parken,55.70270425,12.57226378
733,Right to Dream Park,55.81619865,12.35303259
734,Blue Water Arena,55.48194305,8.438397123
735,MCH Arena,56.1169164,8.951716477
736,MASCOT PARK (Silkeborg),56.184187,9.575152258
737,Aalborg Portland Park,57.05203525,9.898599342
738,CASA Arena Horsens,55.87177805,9.857520727
739,Sydbank Park,55.2613291,9.4877072
740,Lyngby Stadion,55.7813228,12.50571451
741,BioNutria Park Randers,56.46607165,10.01015413
742,Ceres Park,56.1327356,10.196762
743,Brøndby Stadion,55.6503299,12.4170778
744,Energi Viborg Arena,56.4559039,9.40202035
745,Right to Dream Park,55.81619865,12.35303259
746,Blue Water Arena,55.48194305,8.438397123
747,MASCOT PARK (Silkeborg),56.184187,9.575152258
748,Telia Parken,55.70270425,12.57226378
749,Ceres Park,56.1327356,10.196762
750,MCH Arena,56.1169164,8.951716477
751,EWII Park (Odense),55.397745,10.35022493
752,BioNutria Park Randers,56.46607165,10.01015413
753,CASA Arena Horsens,55.87177805,9.857520727
754,Aalborg Portland Park,57.05203525,9.898599342
755,Right to Dream Park,55.81619865,12.35303259
756,Sydbank Park,55.2613291,9.4877072
757,Lyngby Stadion,55.7813228,12.50571451
758,Energi Viborg Arena,56.4559039,9.40202035
759,Blue Water Arena,55.48194305,8.438397123
760,MCH Arena,56.1169164,8.951716477
761,Ceres Park,56.1327356,10.196762
762,MASCOT PARK (Silkeborg),56.184187,9.575152258
763,Telia Parken,55.70270425,12.57226378
764,Brøndby Stadion,55.6503299,12.4170778
765,EWII Park (Odense),55.397745,10.35022493
766,BioNutria Park Randers,56.46607165,10.01015413
767,Right to Dream Park,55.81619865,12.35303259
768,Lyngby Stadion,55.7813228,12.50571451
769,EWII Park (Odense),55.397745,10.35022493
770,CASA Arena Horsens,55.87177805,9.857520727
771,Telia Parken,55.70270425,12.57226378
772,Aalborg Portland Park,57.05203525,9.898599342
773,Energi Viborg Arena,56.4559039,9.40202035
774,MCH Arena,56.1169164,8.951716477
775,Blue Water Arena,55.48194305,8.438397123
776,Brøndby Stadion,55.6503299,12.4170778
777,Ceres Park,56.1327356,10.196762
778,MASCOT PARK (Silkeborg),56.184187,9.575152258
779,Sydbank Park,55.2613291,9.4877072
780,CASA Arena Horsens,55.87177805,9.857520727
781,Right to Dream Park,55.81619865,12.35303259
782,MASCOT PARK (Silkeborg),56.184187,9.575152258
783,Blue Water Arena,55.48194305,8.438397123
784,Energi Viborg Arena,56.4559039,9.40202035
785,Brøndby Stadion,55.6503299,12.4170778
786,Sydbank Park,55.2613291,9.4877072
787,EWII Park (Odense),55.397745,10.35022493
788,BioNutria Park Randers,56.46607165,10.01015413
789,Aalborg Portland Park,57.05203525,9.898599342
790,MCH Arena,56.1169164,8.951716477
791,Lyngby Stadion,55.7813228,12.50571451
792,Telia Parken,55.70270425,12.57226378
793,Ceres Park,56.1327356,10.196762
794,Sydbank Park,55.2613291,9.4877072
795,Blue Water Arena,55.48194305,8.438397123
796,Lyngby Stadion,55.7813228,12.50571451
797,Energi Viborg Arena,56.4559039,9.40202035
798,Brøndby Stadion,55.6503299,12.4170778
799,Aalborg Portland Park,57.05203525,9.898599342
800,EWII Park (Odense),55.397745,10.35022493
801,MASCOT PARK (Silkeborg),56.184187,9.575152258
802,Sydbank Park,55.2613291,9.4877072
803,CASA Arena Horsens,55.87177805,9.857520727
804,BioNutria Park Randers,56.46607165,10.01015413
805,Right to Dream Park,55.81619865,12.35303259
806,Telia Parken,55.70270425,12.57226378
807,Ceres Park,56.1327356,10.196762
808,EWII Park (Odense),55.397745,10.35022493
809,BioNutria Park Randers,56.46607165,10.01015413
810,MCH Arena,56.1169164,8.951716477
811,Energi Viborg Arena,56.4559039,9.40202035
812,Telia Parken,55.70270425,12.57226378
813,Brøndby Stadion,55.6503299,12.4170778
814,MASCOT PARK (Silkeborg),56.184187,9.575152258
815,Right to Dream Park,55.81619865,12.35303259
816,Lyngby Stadion,55.7813228,12.50571451
817,Aalborg Portland Park,57.05203525,9.898599342
818,Ceres Park,56.1327356,10.196762
819,MCH Arena,56.1169164,8.951716477
820,CASA Arena Horsens,55.87177805,9.857520727
821,Blue Water Arena,55.48194305,8.438397123
822,Sydbank Park,55.2613291,9.4877072
823,Lyngby Stadion,55.7813228,12.50571451
824,Aalborg Portland Park,57.05203525,9.898599342
825,EWII Park (Odense),55.397745,10.35022493
826,Telia Parken,55.70270425,12.57226378
827,Right to Dream Park,55.81619865,12.35303259
828,MASCOT PARK (Silkeborg),56.184187,9.575152258
829,BioNutria Park Randers,56.46607165,10.01015413
830,MCH Arena,56.1169164,8.951716477
831,Brøndby Stadion,55.6503299,12.4170778
832,Right to Dream Park,55.81619865,12.35303259
833,EWII Park (Odense),55.397745,10.35022493
834,Lyngby Stadion,55.7813228,12.50571451
835,Sydbank Park,55.2613291,9.4877072
836,Brøndby Stadion,55.6503299,12.4170778
837,Telia Parken,55.70270425,12.57226378
838,MCH Arena,56.1169164,8.951716477
839,BioNutria Park Randers,56.46607165,10.01015413
840,MCH Arena,56.1169164,8.951716477
841,No value,None,None
842,Ceres Park,56.1327356,10.196762
843,Telia Parken,55.70270425,12.57226378
844,Sydbank Park,55.2613291,9.4877072
845,Lyngby Stadion,55.7813228,12.50571451
846,HDS Arena,55.7211638,12.3686863
847,Brøndby Stadion,55.6503299,12.4170778
848,EWII Park (Odense),55.397745,10.35022493
849,Ceres Park,56.1327356,10.196762
850,BioNutria Park Randers,56.46607165,10.01015413
851,CASA Arena Horsens,55.87177805,9.857520727
852,Aalborg Portland Park,57.05203525,9.898599342
853,Right to Dream Park,55.81619865,12.35303259
854,MCH Arena,56.1169164,8.951716477
855,Helsingør Stadion,56.0458809,12.59682592
856,Sydbank Park,55.2613291,9.4877072
857,EWII Park (Odense),55.397745,10.35022493
858,Telia Parken,55.70270425,12.57226378
859,MCH Arena,56.1169164,8.951716477
860,Right to Dream Park,55.81619865,12.35303259
861,Brøndby Stadion,55.6503299,12.4170778
862,JYSK park,56.184187,9.575152258
863,CASA Arena Horsens,55.87177805,9.857520727
864,HDS Arena,55.7211638,12.3686863
865,Lyngby Stadion,55.7813228,12.50571451
866,Helsingør Stadion,56.0458809,12.59682592
867,EWII Park (Odense),55.397745,10.35022493
868,Brøndby Stadion,55.6503299,12.4170778
869,Sydbank Park,55.2613291,9.4877072
870,JYSK park,56.184187,9.575152258
871,Lyngby Stadion,55.7813228,12.50571451
872,Telia Parken,55.70270425,12.57226378
873,MCH Arena,56.1169164,8.951716477
874,BioNutria Park Randers,56.46607165,10.01015413
875,Ceres Park,56.1327356,10.196762
876,Aalborg Portland Park,57.05203525,9.898599342
877,CASA Arena Horsens,55.87177805,9.857520727
878,BioNutria Park Randers,56.46607165,10.01015413
879,Telia Parken,55.70270425,12.57226378
880,EWII Park (Odense),55.397745,10.35022493
881,HDS Arena,55.7211638,12.3686863
882,Ceres Park,56.1327356,10.196762
883,Right to Dream Park,55.81619865,12.35303259
884,Sydbank Park,55.2613291,9.4877072
885,JYSK park,56.184187,9.575152258
886,Helsingør Stadion,56.0458809,12.59682592
887,Aalborg Portland Park,57.05203525,9.898599342
888,MCH Arena,56.1169164,8.951716477
889,Brøndby Stadion,55.6503299,12.4170778
890,Right to Dream Park,55.81619865,12.35303259
891,CASA Arena Horsens,55.87177805,9.857520727
892,HDS Arena,55.7211638,12.3686863
893,Ceres Park,56.1327356,10.196762
894,Lyngby Stadion,55.7813228,12.50571451
895,Telia Parken,55.70270425,12.57226378
896,EWII Park (Odense),55.397745,10.35022493
897,Aalborg Portland Park,57.05203525,9.898599342
898,JYSK park,56.184187,9.575152258
899,BioNutria Park Randers,56.46607165,10.01015413
900,Sydbank Park,55.2613291,9.4877072
901,MCH Arena,56.1169164,8.951716477
902,Helsingør Stadion,56.0458809,12.59682592
903,Brøndby Stadion,55.6503299,12.4170778
904,Right to Dream Park,55.81619865,12.35303259
905,Right to Dream Park,55.81619865,12.35303259
906,CASA Arena Horsens,55.87177805,9.857520727
907,Telia Parken,55.70270425,12.57226378
908,Aalborg Portland Park,57.05203525,9.898599342
909,EWII Park (Odense),55.397745,10.35022493
910,HDS Arena,55.7211638,12.3686863
911,Ceres Park,56.1327356,10.196762
912,Helsingør Stadion,56.0458809,12.59682592
913,BioNutria Park Randers,56.46607165,10.01015413
914,HDS Arena,55.7211638,12.3686863
915,JYSK park,56.184187,9.575152258
916,MCH Arena,56.1169164,8.951716477
917,Brøndby Stadion,55.6503299,12.4170778
918,Lyngby Stadion,55.7813228,12.50571451
919,Sydbank Park,55.2613291,9.4877072
920,Right to Dream Park,55.81619865,12.35303259
921,CASA Arena Horsens,55.87177805,9.857520727
922,Aalborg Portland Park,57.05203525,9.898599342
923,Brøndby Stadion,55.6503299,12.4170778
924,EWII Park (Odense),55.397745,10.35022493
925,Ceres Park,56.1327356,10.196762
926,MCH Arena,56.1169164,8.951716477
927,JYSK park,56.184187,9.575152258
928,HDS Arena,55.7211638,12.3686863
929,Lyngby Stadion,55.7813228,12.50571451
930,Helsingør Stadion,56.0458809,12.59682592
931,Telia Parken,55.70270425,12.57226378
932,BioNutria Park Randers,56.46607165,10.01015413
933,Ceres Park,56.1327356,10.196762
934,Helsingør Stadion,56.0458809,12.59682592
935,Sydbank Park,55.2613291,9.4877072
936,Lyngby Stadion,55.7813228,12.50571451
937,CASA Arena Horsens,55.87177805,9.857520727
938,Aalborg Portland Park,57.05203525,9.898599342
939,Brøndby Stadion,55.6503299,12.4170778
940,MCH Arena,56.1169164,8.951716477
941,JYSK park,56.184187,9.575152258
942,Right to Dream Park,55.81619865,12.35303259
943,Telia Parken,55.70270425,12.57226378
944,EWII Park (Odense),55.397745,10.35022493
945,BioNutria Park Randers,56.46607165,10.01015413
946,HDS Arena,55.7211638,12.3686863
947,Helsingør Stadion,56.0458809,12.59682592
948,Ceres Park,56.1327356,10.196762
949,Lyngby Stadion,55.7813228,12.50571451
950,CASA Arena Horsens,55.87177805,9.857520727
951,Sydbank Park,55.2613291,9.4877072
952,Brøndby Stadion,55.6503299,12.4170778
953,Aalborg Portland Park,57.05203525,9.898599342
954,BioNutria Park Randers,56.46607165,10.01015413
955,Helsingør Stadion,56.0458809,12.59682592
956,Right to Dream Park,55.81619865,12.35303259
957,EWII Park (Odense),55.397745,10.35022493
958,Telia Parken,55.70270425,12.57226378
959,JYSK park,56.184187,9.575152258
960,MCH Arena,56.1169164,8.951716477
961,Ceres Park,56.1327356,10.196762
962,Lyngby Stadion,55.7813228,12.50571451
963,HDS Arena,55.7211638,12.3686863
964,JYSK park,56.184187,9.575152258
965,Sydbank Park,55.2613291,9.4877072
966,Telia Parken,55.70270425,12.57226378
967,MCH Arena,56.1169164,8.951716477
968,CASA Arena Horsens,55.87177805,9.857520727
969,Helsingør Stadion,56.0458809,12.59682592
970,EWII Park (Odense),55.397745,10.35022493
971,Right to Dream Park,55.81619865,12.35303259
972,Aalborg Portland Park,57.05203525,9.898599342
973,Brøndby Stadion,55.6503299,12.4170778
974,BioNutria Park Randers,56.46607165,10.01015413
975,CASA Arena Horsens,55.87177805,9.857520727
976,JYSK park,56.184187,9.575152258
977,Telia Parken,55.70270425,12.57226378
978,EWII Park (Odense),55.397745,10.35022493
979,Sydbank Park,55.2613291,9.4877072
980,Lyngby Stadion,55.7813228,12.50571451
981,HDS Arena,55.7211638,12.3686863
982,Right to Dream Park,55.81619865,12.35303259
983,JYSK park,56.184187,9.575152258
984,Right to Dream Park,55.81619865,12.35303259
985,BioNutria Park Randers,56.46607165,10.01015413
986,MCH Arena,56.1169164,8.951716477
987,Aalborg Portland Park,57.05203525,9.898599342
988,Ceres Park,56.1327356,10.196762
989,CASA Arena Horsens,55.87177805,9.857520727
990,Lyngby Stadion,55.7813228,12.50571451
991,HDS Arena,55.7211638,12.3686863
992,Aalborg Portland Park,57.05203525,9.898599342
993,Brøndby Stadion,55.6503299,12.4170778
994,Telia Parken,55.70270425,12.57226378
995,Sydbank Park,55.2613291,9.4877072
996,CASA Arena Horsens,55.87177805,9.857520727
997,BioNutria Park Randers,56.46607165,10.01015413
998,EWII Park (Odense),55.397745,10.35022493
999,HDS Arena,55.7211638,12.3686863
1000,Right to Dream Park,55.81619865,12.35303259
1001,Sydbank Park,55.2613291,9.4877072
1002,MCH Arena,56.1169164,8.951716477
1003,Lyngby Stadion,55.7813228,12.50571451
1004,Right to Dream Park,55.81619865,12.35303259
1005,BioNutria Park Randers,56.46607165,10.01015413
1006,Ceres Park,56.1327356,10.196762
1007,Brøndby Stadion,55.6503299,12.4170778
1008,Aalborg Portland Park,57.05203525,9.898599342
1009,JYSK park,56.184187,9.575152258
1010,EWII Park (Odense),55.397745,10.35022493
1011,HDS Arena,55.7211638,12.3686863
1012,Sydbank Park,55.2613291,9.4877072
1013,Aalborg Portland Park,57.05203525,9.898599342
1014,Right to Dream Park,55.81619865,12.35303259
1015,CASA Arena Horsens,55.87177805,9.857520727
1016,Telia Parken,55.70270425,12.57226378
1017,Brøndby Stadion,55.6503299,12.4170778
1018,Helsingør Stadion,56.0458809,12.59682592
1019,MCH Arena,56.1169164,8.951716477
1020,Ceres Park,56.1327356,10.196762
1021,Lyngby Stadion,55.7813228,12.50571451
1022,JYSK park,56.184187,9.575152258
1023,BioNutria Park Randers,56.46607165,10.01015413
1024,JYSK park,56.184187,9.575152258
1025,HDS Arena,55.7211638,12.3686863
1026,BioNutria Park Randers,56.46607165,10.01015413
1027,EWII Park (Odense),55.397745,10.35022493
1028,Telia Parken,55.70270425,12.57226378
1029,Aalborg Portland Park,57.05203525,9.898599342
1030,CASA Arena Horsens,55.87177805,9.857520727
1031,Right to Dream Park,55.81619865,12.35303259
1032,Lyngby Stadion,55.7813228,12.50571451
1033,Helsingør Stadion,56.0458809,12.59682592
1034,Sydbank Park,55.2613291,9.4877072
1035,Brøndby Stadion,55.6503299,12.4170778
1036,Ceres Park,56.1327356,10.196762
1037,MCH Arena,56.1169164,8.951716477
1038,Ceres Park,56.1327356,10.196762
1039,Sydbank Park,55.2613291,9.4877072
1040,EWII Park (Odense),55.397745,10.35022493
1041,Aalborg Portland Park,57.05203525,9.898599342
1042,Brøndby Stadion,55.6503299,12.4170778
1043,Right to Dream Park,55.81619865,12.35303259
1044,HDS Arena,55.7211638,12.3686863
1045,Helsingør Stadion,56.0458809,12.59682592
1046,BioNutria Park Randers,56.46607165,10.01015413
1047,CASA Arena Horsens,55.87177805,9.857520727
1048,Telia Parken,55.70270425,12.57226378
1049,JYSK park,56.184187,9.575152258
1050,Lyngby Stadion,55.7813228,12.50571451
1051,MCH Arena,56.1169164,8.951716477
1052,Telia Parken,55.70270425,12.57226378
1053,Helsingør Stadion,56.0458809,12.59682592
1054,EWII Park (Odense),55.397745,10.35022493
1055,Aalborg Portland Park,57.05203525,9.898599342
1056,BioNutria Park Randers,56.46607165,10.01015413
1057,Right to Dream Park,55.81619865,12.35303259
1058,Ceres Park,56.1327356,10.196762
1059,CASA Arena Horsens,55.87177805,9.857520727
1060,Sydbank Park,55.2613291,9.4877072
1061,Lyngby Stadion,55.7813228,12.50571451
1062,MCH Arena,56.1169164,8.951716477
1063,Brøndby Stadion,55.6503299,12.4170778
1064,HDS Arena,55.7211638,12.3686863
1065,JYSK park,56.184187,9.575152258
1066,CASA Arena Horsens,55.87177805,9.857520727
1067,Ceres Park,56.1327356,10.196762
1068,Telia Parken,55.70270425,12.57226378
1069,Sydbank Park,55.2613291,9.4877072
1070,MCH Arena,56.1169164,8.951716477
1071,Right to Dream Park,55.81619865,12.35303259
1072,HDS Arena,55.7211638,12.3686863
1073,EWII Park (Odense),55.397745,10.35022493
1074,Aalborg Portland Park,57.05203525,9.898599342
1075,Brøndby Stadion,55.6503299,12.4170778
1076,Telia Parken,55.70270425,12.57226378
1077,Aalborg Portland Park,57.05203525,9.898599342
1078,CASA Arena Horsens,55.87177805,9.857520727
1079,Ceres Park,56.1327356,10.196762
1080,Brøndby Stadion,55.6503299,12.4170778
1081,Right to Dream Park,55.81619865,12.35303259
1082,MCH Arena,56.1169164,8.951716477
1083,Sydbank Park,55.2613291,9.4877072
1084,Telia Parken,55.70270425,12.57226378
1085,No value,None,None
1086,Vejle Stadion,55.7137241,9.556157838
1087,Sydbank Park,55.2613291,9.4877072
1088,MCH Arena,56.1169164,8.951716477
1089,Right to Dream Park,55.81619865,12.35303259
1090,Hjørring Stadion (Hjørring),57.45771145,9.998467524
1091,Telia Parken,55.70270425,12.57226378
1092,BioNutria Park Randers,56.46607165,10.01015413
1093,Aalborg Portland Park,57.05203525,9.898599342
1094,Blue Water Arena,55.48194305,8.438397123
1095,CASA Arena Horsens,55.87177805,9.857520727
1096,Nature Energy Park,55.397745,10.35022493
1097,Ceres Park,56.1327356,10.196762
1098,Brøndby Stadion,55.6503299,12.4170778
1099,HDS Arena,55.7211638,12.3686863
1100,Sydbank Park,55.2613291,9.4877072
1101,MCH Arena,56.1169164,8.951716477
1102,Right to Dream Park,55.81619865,12.35303259
1103,BioNutria Park Randers,56.46607165,10.01015413
1104,HDS Arena,55.7211638,12.3686863
1105,Telia Parken,55.70270425,12.57226378
1106,Vejle Stadion,55.7137241,9.556157838
1107,Ceres Park,56.1327356,10.196762
1108,Blue Water Arena,55.48194305,8.438397123
1109,Vejle Stadion,55.7137241,9.556157838
1110,CASA Arena Horsens,55.87177805,9.857520727
1111,Nature Energy Park,55.397745,10.35022493
1112,Brøndby Stadion,55.6503299,12.4170778
1113,Hjørring Stadion (Hjørring),57.45771145,9.998467524
1114,Nord Energi Arena,57.45771145,9.998467524
1115,HDS Arena,55.7211638,12.3686863
1116,Aalborg Portland Park,57.05203525,9.898599342
1117,Telia Parken,55.70270425,12.57226378
1118,BioNutria Park Randers,56.46607165,10.01015413
1119,MCH Arena,56.1169164,8.951716477
1120,Blue Water Arena,55.48194305,8.438397123
1121,Sydbank Park,55.2613291,9.4877072
1122,Right to Dream Park,55.81619865,12.35303259
1123,BioNutria Park Randers,56.46607165,10.01015413
1124,Ceres Park,56.1327356,10.196762
1125,Brøndby Stadion,55.6503299,12.4170778
1126,Nature Energy Park,55.397745,10.35022493
1127,CASA Arena Horsens,55.87177805,9.857520727
1128,HDS Arena,55.7211638,12.3686863
1129,Right to Dream Park,55.81619865,12.35303259
1130,Vejle Stadion,55.7137241,9.556157838
1131,Nord Energi Arena,57.45771145,9.998467524
1132,Telia Parken,55.70270425,12.57226378
1133,MCH Arena,56.1169164,8.951716477
1134,Aalborg Portland Park,57.05203525,9.898599342
1135,CASA Arena Horsens,55.87177805,9.857520727
1136,Sydbank Park,55.2613291,9.4877072
1137,Nature Energy Park,55.397745,10.35022493
1138,BioNutria Park Randers,56.46607165,10.01015413
1139,Blue Water Arena,55.48194305,8.438397123
1140,Ceres Park,56.1327356,10.196762
1141,Brøndby Stadion,55.6503299,12.4170778
1142,Blue Water Arena,55.48194305,8.438397123
1143,Right to Dream Park,55.81619865,12.35303259
1144,Nord Energi Arena,57.45771145,9.998467524
1145,CASA Arena Horsens,55.87177805,9.857520727
1146,Brøndby Stadion,55.6503299,12.4170778
1147,MCH Arena,56.1169164,8.951716477
1148,Aalborg Portland Park,57.05203525,9.898599342
1149,Vejle Stadion,55.7137241,9.556157838
1150,BioNutria Park Randers,56.46607165,10.01015413
1151,Sydbank Park,55.2613291,9.4877072
1152,HDS Arena,55.7211638,12.3686863
1153,Telia Parken,55.70270425,12.57226378
1154,Ceres Park,56.1327356,10.196762
1155,Nature Energy Park,55.397745,10.35022493
1156,Vejle Stadion,55.7137241,9.556157838
1157,MCH Arena,56.1169164,8.951716477
1158,Nord Energi Arena,57.45771145,9.998467524
1159,Blue Water Arena,55.48194305,8.438397123
1160,Aalborg Portland Park,57.05203525,9.898599342
1161,Brøndby Stadion,55.6503299,12.4170778
1162,Right to Dream Park,55.81619865,12.35303259
1163,Sydbank Park,55.2613291,9.4877072
1164,Nature Energy Park,55.397745,10.35022493
1165,HDS Arena,55.7211638,12.3686863
1166,CASA Arena Horsens,55.87177805,9.857520727
1167,Telia Parken,55.70270425,12.57226378
1168,Aalborg Portland Park,57.05203525,9.898599342
1169,MCH Arena,56.1169164,8.951716477
1170,Blue Water Arena,55.48194305,8.438397123
1171,Right to Dream Park,55.81619865,12.35303259
1172,Nord Energi Arena,57.45771145,9.998467524
1173,BioNutria Park Randers,56.46607165,10.01015413
1174,Vejle Stadion,55.7137241,9.556157838
1175,Ceres Park,56.1327356,10.196762
1176,Brøndby Stadion,55.6503299,12.4170778
1177,Sydbank Park,55.2613291,9.4877072
1178,CASA Arena Horsens,55.87177805,9.857520727
1179,HDS Arena,55.7211638,12.3686863
1180,BioNutria Park Randers,56.46607165,10.01015413
1181,Telia Parken,55.70270425,12.57226378
1182,Aalborg Portland Park,57.05203525,9.898599342
1183,MCH Arena,56.1169164,8.951716477
1184,Nature Energy Park,55.397745,10.35022493
1185,Nord Energi Arena,57.45771145,9.998467524
1186,Brøndby Stadion,55.6503299,12.4170778
1187,Right to Dream Park,55.81619865,12.35303259
1188,Ceres Park,56.1327356,10.196762
1189,Blue Water Arena,55.48194305,8.438397123
1190,Vejle Stadion,55.7137241,9.556157838
1191,Brøndby Stadion,55.6503299,12.4170778
1192,CASA Arena Horsens,55.87177805,9.857520727
1193,HDS Arena,55.7211638,12.3686863
1194,BioNutria Park Randers,56.46607165,10.01015413
1195,Aalborg Portland Park,57.05203525,9.898599342
1196,MCH Arena,56.1169164,8.951716477
1197,Nature Energy Park,55.397745,10.35022493
1198,Vejle Stadion,55.7137241,9.556157838
1199,HDS Arena,55.7211638,12.3686863
1200,Nord Energi Arena,57.45771145,9.998467524
1201,Right to Dream Park,55.81619865,12.35303259
1202,Sydbank Park,55.2613291,9.4877072
1203,Telia Parken,55.70270425,12.57226378
1204,Ceres Park,56.1327356,10.196762
1205,Blue Water Arena,55.48194305,8.438397123
1206,Nature Energy Park,55.397745,10.35022493
1207,Sydbank Park,55.2613291,9.4877072
1208,BioNutria Park Randers,56.46607165,10.01015413
1209,CASA Arena Horsens,55.87177805,9.857520727
1210,Brøndby Stadion,55.6503299,12.4170778
1211,Ceres Park,56.1327356,10.196762
1212,MCH Arena,56.1169164,8.951716477
1213,HDS Arena,55.7211638,12.3686863
1214,Nord Energi Arena,57.45771145,9.998467524
1215,Aalborg Portland Park,57.05203525,9.898599342
1216,Telia Parken,55.70270425,12.57226378
1217,Vejle Stadion,55.7137241,9.556157838
1218,Right to Dream Park,55.81619865,12.35303259
1219,Nature Energy Park,55.397745,10.35022493
1220,BioNutria Park Randers,56.46607165,10.01015413
1221,Blue Water Arena,55.48194305,8.438397123
1222,CASA Arena Horsens,55.87177805,9.857520727
1223,Sydbank Park,55.2613291,9.4877072
1224,Brøndby Stadion,55.6503299,12.4170778
1225,Ceres Park,56.1327356,10.196762
1226,Ceres Park,56.1327356,10.196762
1227,Vejle Stadion,55.7137241,9.556157838
1228,HDS Arena,55.7211638,12.3686863
1229,Aalborg Portland Park,57.05203525,9.898599342
1230,Right to Dream Park,55.81619865,12.35303259
1231,Telia Parken,55.70270425,12.57226378
1232,Nord Energi Arena,57.45771145,9.998467524
1233,Sydbank Park,55.2613291,9.4877072
1234,Right to Dream Park,55.81619865,12.35303259
1235,CASA Arena Horsens,55.87177805,9.857520727
1236,Nature Energy Park,55.397745,10.35022493
1237,Cepheus Park Randers (Randers),56.46607165,10.01015413
1238,Blue Water Arena,55.48194305,8.438397123
1239,MCH Arena,56.1169164,8.951716477
1240,Aalborg Portland Park,57.05203525,9.898599342
1241,Vejle Stadion,55.7137241,9.556157838
1242,HDS Arena,55.7211638,12.3686863
1243,CASA Arena Horsens,55.87177805,9.857520727
1244,Ceres Park,56.1327356,10.196762
1245,Brøndby Stadion,55.6503299,12.4170778
1246,Telia Parken,55.70270425,12.57226378
1247,Aalborg Portland Park,57.05203525,9.898599342
1248,Blue Water Arena,55.48194305,8.438397123
1249,Sydbank Park,55.2613291,9.4877072
1250,Nord Energi Arena,57.45771145,9.998467524
1251,Telia Parken,55.70270425,12.57226378
1252,Nature Energy Park,55.397745,10.35022493
1253,MCH Arena,56.1169164,8.951716477
1254,HDS Arena,55.7211638,12.3686863
1255,Vejle Stadion,55.7137241,9.556157838
1256,Cepheus Park Randers (Randers),56.46607165,10.01015413
1257,Sydbank Park,55.2613291,9.4877072
1258,Right to Dream Park,55.81619865,12.35303259
1259,Brøndby Stadion,55.6503299,12.4170778
1260,Ceres Park,56.1327356,10.196762
1261,Aalborg Portland Park,57.05203525,9.898599342
1262,Nord Energi Arena,57.45771145,9.998467524
1263,MCH Arena,56.1169164,8.951716477
1264,Nature Energy Park,55.397745,10.35022493
1265,Blue Water Arena,55.48194305,8.438397123
1266,CASA Arena Horsens,55.87177805,9.857520727
1267,Telia Parken,55.70270425,12.57226378
1268,Brøndby Stadion,55.6503299,12.4170778
1269,MCH Arena,56.1169164,8.951716477
1270,Nord Energi Arena,57.45771145,9.998467524
1271,Aalborg Portland Park,57.05203525,9.898599342
1272,Telia Parken,55.70270425,12.57226378
1273,Sydbank Park,55.2613291,9.4877072
1274,Ceres Park,56.1327356,10.196762
1275,CASA Arena Horsens,55.87177805,9.857520727
1276,Cepheus Park Randers (Randers),56.46607165,10.01015413
1277,HDS Arena,55.7211638,12.3686863
1278,Vejle Stadion,55.7137241,9.556157838
1279,Blue Water Arena,55.48194305,8.438397123
1280,Nature Energy Park,55.397745,10.35022493
1281,Right to Dream Park,55.81619865,12.35303259
1282,Vejle Stadion,55.7137241,9.556157838
1283,Nord Energi Arena,57.45771145,9.998467524
1284,HDS Arena,55.7211638,12.3686863
1285,Right to Dream Park,55.81619865,12.35303259
1286,Brøndby Stadion,55.6503299,12.4170778
1287,MCH Arena,56.1169164,8.951716477
1288,Sydbank Park,55.2613291,9.4877072
1289,Aalborg Portland Park,57.05203525,9.898599342
1290,Ceres Park,56.1327356,10.196762
1291,CASA Arena Horsens,55.87177805,9.857520727
1292,Blue Water Arena,55.48194305,8.438397123
1293,Telia Parken,55.70270425,12.57226378
1294,Cepheus Park Randers (Randers),56.46607165,10.01015413
1295,Nature Energy Park,55.397745,10.35022493
1296,CASA Arena Horsens,55.87177805,9.857520727
1297,Vejle Stadion,55.7137241,9.556157838
1298,HDS Arena,55.7211638,12.3686863
1299,Cepheus Park Randers (Randers),56.46607165,10.01015413
1300,Right to Dream Park,55.81619865,12.35303259
1301,MCH Arena,56.1169164,8.951716477
1302,Blue Water Arena,55.48194305,8.438397123
1303,Aalborg Portland Park,57.05203525,9.898599342
1304,Nord Energi Arena,57.45771145,9.998467524
1305,Ceres Park,56.1327356,10.196762
1306,Sydbank Park,55.2613291,9.4877072
1307,Brøndby Stadion,55.6503299,12.4170778
1308,Telia Parken,55.70270425,12.57226378
1309,Right to Dream Park,55.81619865,12.35303259
1310,Aalborg Portland Park,57.05203525,9.898599342
1311,Sydbank Park,55.2613291,9.4877072
1312,Telia Parken,55.70270425,12.57226378
1313,Nature Energy Park,55.397745,10.35022493
1314,Blue Water Arena,55.48194305,8.438397123
1315,Nature Energy Park,55.397745,10.35022493
1316,Cepheus Park Randers (Randers),56.46607165,10.01015413
1317,Ceres Park,56.1327356,10.196762
1318,MCH Arena,56.1169164,8.951716477
1319,Brøndby Stadion,55.6503299,12.4170778
1320,Cepheus Park Randers (Randers),56.46607165,10.01015413
1321,Right to Dream Park,55.81619865,12.35303259
1322,Blue Water Arena,55.48194305,8.438397123
1323,Brøndby Stadion,55.6503299,12.4170778
1324,Telia Parken,55.70270425,12.57226378
1325,MCH Arena,56.1169164,8.951716477
1326,Nature Energy Park,55.397745,10.35022493
1327,Ceres Park,56.1327356,10.196762
1328,Brøndby Stadion (Brøndby),55.6503299,12.4170778
1329,No value,None,None
1330,MCH Arena (Herning),56.1169164,8.951716477
1331,Sydbank Park (Haderslev),55.2613291,9.4877072
1332,CASA Arena Horsens (Horsens),55.87177805,9.857520727
1333,Lyngby Stadion (Lyngby),55.7813228,12.50571451
1334,Nature Energy Park (Odense),55.397745,10.35022493
1335,Brøndby Stadion (Brøndby),55.6503299,12.4170778
1336,DS Arena (Hobro),56.63315375,9.817017588
1337,Telia Parken (København),55.70270425,12.57226378
1338,JYSK park (Silkeborg),56.184187,9.575152258
1339,Aalborg Portland Park (Aalborg),57.05203525,9.898599342
1340,Blue Water Arena (Esbjerg),55.48194305,8.438397123
1341,Cepheus Park Randers (Randers),56.46607165,10.01015413
1342,MCH Arena (Herning),56.1169164,8.951716477
1343,Nature Energy Park (Odense),55.397745,10.35022493
1344,Lyngby Stadion (Lyngby),55.7813228,12.50571451
1345,CASA Arena Horsens (Horsens),55.87177805,9.857520727
1346,DS Arena (Hobro),56.63315375,9.817017588
1347,Right to Dream Park (Farum),55.81619865,12.35303259
1348,Ceres Park (Århus),56.1327356,10.196762
1349,Brøndby Stadion (Brøndby),55.6503299,12.4170778
1350,Aalborg Portland Park (Aalborg),57.05203525,9.898599342
1351,JYSK park (Silkeborg),56.184187,9.575152258
1352,Sydbank Park (Haderslev),55.2613291,9.4877072
1353,Cepheus Park Randers (Randers),56.46607165,10.01015413
1354,Blue Water Arena (Esbjerg),55.48194305,8.438397123
1355,Brøndby Stadion (Brøndby),55.6503299,12.4170778
1356,MCH Arena (Herning),56.1169164,8.951716477
1357,Lyngby Stadion (Lyngby),55.7813228,12.50571451
1358,Telia Parken (København),55.70270425,12.57226378
1359,Nature Energy Park (Odense),55.397745,10.35022493
1360,Right to Dream Park (Farum),55.81619865,12.35303259
1361,Aalborg Portland Park (Aalborg),57.05203525,9.898599342
1362,CASA Arena Horsens (Horsens),55.87177805,9.857520727
1363,DS Arena (Hobro),56.63315375,9.817017588
1364,Sydbank Park (Haderslev),55.2613291,9.4877072
1365,Cepheus Park Randers (Randers),56.46607165,10.01015413
1366,Right to Dream Park (Farum),55.81619865,12.35303259
1367,JYSK park (Silkeborg),56.184187,9.575152258
1368,Blue Water Arena (Esbjerg),55.48194305,8.438397123
1369,MCH Arena (Herning),56.1169164,8.951716477
1370,Brøndby Stadion (Brøndby),55.6503299,12.4170778
1371,Ceres Park (Århus),56.1327356,10.196762
1372,DS Arena (Hobro),56.63315375,9.817017588
1373,Lyngby Stadion (Lyngby),55.7813228,12.50571451
1374,Blue Water Arena (Esbjerg),55.48194305,8.438397123
1375,Sydbank Park (Haderslev),55.2613291,9.4877072
1376,Brøndby Stadion (Brøndby),55.6503299,12.4170778
1377,Telia Parken (København),55.70270425,12.57226378
1378,CASA Arena Horsens (Horsens),55.87177805,9.857520727
1379,Nature Energy Park (Odense),55.397745,10.35022493
1380,Right to Dream Park (Farum),55.81619865,12.35303259
1381,Ceres Park (Århus),56.1327356,10.196762
1382,Cepheus Park Randers (Randers),56.46607165,10.01015413
1383,CASA Arena Horsens (Horsens),55.87177805,9.857520727
1384,Aalborg Portland Park (Aalborg),57.05203525,9.898599342
1385,MCH Arena (Herning),56.1169164,8.951716477
1386,Sydbank Park (Haderslev),55.2613291,9.4877072
1387,Ceres Park (Århus),56.1327356,10.196762
1388,Blue Water Arena (Esbjerg),55.48194305,8.438397123
1389,Lyngby Stadion (Lyngby),55.7813228,12.50571451
1390,DS Arena (Hobro),56.63315375,9.817017588
1391,Brøndby Stadion (Brøndby),55.6503299,12.4170778
1392,JYSK park (Silkeborg),56.184187,9.575152258
1393,Nature Energy Park (Odense),55.397745,10.35022493
1394,DS Arena (Hobro),56.63315375,9.817017588
1395,Right to Dream Park (Farum),55.81619865,12.35303259
1396,JYSK park (Silkeborg),56.184187,9.575152258
1397,Blue Water Arena (Esbjerg),55.48194305,8.438397123
1398,Telia Parken (København),55.70270425,12.57226378
1399,Cepheus Park Randers (Randers),56.46607165,10.01015413
1400,Lyngby Stadion (Lyngby),55.7813228,12.50571451
1401,Telia Parken (København),55.70270425,12.57226378
1402,Ceres Park (Århus),56.1327356,10.196762
1403,Aalborg Portland Park (Aalborg),57.05203525,9.898599342
1404,MCH Arena (Herning),56.1169164,8.951716477
1405,Sydbank Park (Haderslev),55.2613291,9.4877072
1406,CASA Arena Horsens (Horsens),55.87177805,9.857520727
1407,Right to Dream Park (Farum),55.81619865,12.35303259
1408,DS Arena (Hobro),56.63315375,9.817017588
1409,Blue Water Arena (Esbjerg),55.48194305,8.438397123
1410,Brøndby Stadion (Brøndby),55.6503299,12.4170778
1411,Nature Energy Park (Odense),55.397745,10.35022493
1412,Cepheus Park Randers (Randers),56.46607165,10.01015413
1413,JYSK park (Silkeborg),56.184187,9.575152258
1414,Aalborg Portland Park (Aalborg),57.05203525,9.898599342
1415,CASA Arena Horsens (Horsens),55.87177805,9.857520727
1416,Sydbank Park (Haderslev),55.2613291,9.4877072
1417,Ceres Park & Arena (Århus),56.1316074,10.19619138
1418,Telia Parken (København),55.70270425,12.57226378
1419,Lyngby Stadion (Lyngby),55.7813228,12.50571451
1420,MCH Arena (Herning),56.1169164,8.951716477
1421,Blue Water Arena (Esbjerg),55.48194305,8.438397123
1422,DS Arena (Hobro),56.63315375,9.817017588
1423,Nature Energy Park (Odense),55.397745,10.35022493
1424,Lyngby Stadion (Lyngby),55.7813228,12.50571451
1425,Brøndby Stadion (Brøndby),55.6503299,12.4170778
1426,Sydbank Park (Haderslev),55.2613291,9.4877072
1427,Ceres Park & Arena (Århus),56.1316074,10.19619138
1428,Blue Water Arena (Esbjerg),55.48194305,8.438397123
1429,Cepheus Park Randers (Randers),56.46607165,10.01015413
1430,Nature Energy Park (Odense),55.397745,10.35022493
1431,Right to Dream Park (Farum),55.81619865,12.35303259
1432,Aalborg Portland Park (Aalborg),57.05203525,9.898599342
1433,Telia Parken (København),55.70270425,12.57226378
1434,JYSK park (Silkeborg),56.184187,9.575152258
1435,Cepheus Park Randers (Randers),56.46607165,10.01015413
1436,CASA Arena Horsens (Horsens),55.87177805,9.857520727
1437,DS Arena (Hobro),56.63315375,9.817017588
1438,Ceres Park & Arena (Århus),56.1316074,10.19619138
1439,Lyngby Stadion (Lyngby),55.7813228,12.50571451
1440,Brøndby Stadion (Brøndby),55.6503299,12.4170778
1441,MCH Arena (Herning),56.1169164,8.951716477
1442,Right to Dream Park (Farum),55.81619865,12.35303259
1443,Sydbank Park (Haderslev),55.2613291,9.4877072
1444,Aalborg Portland Park (Aalborg),57.05203525,9.898599342
1445,JYSK park (Silkeborg),56.184187,9.575152258
1446,Telia Parken (København),55.70270425,12.57226378
1447,Ceres Park & Arena (Århus),56.1316074,10.19619138
1448,Nature Energy Park (Odense),55.397745,10.35022493
1449,Lyngby Stadion (Lyngby),55.7813228,12.50571451
1450,Telia Parken (København),55.70270425,12.57226378
1451,Cepheus Park Randers (Randers),56.46607165,10.01015413
1452,CASA Arena Horsens (Horsens),55.87177805,9.857520727
1453,Blue Water Arena (Esbjerg),55.48194305,8.438397123
1454,Aalborg Portland Park (Aalborg),57.05203525,9.898599342
1455,MCH Arena (Herning),56.1169164,8.951716477
1456,DS Arena (Hobro),56.63315375,9.817017588
1457,JYSK park (Silkeborg),56.184187,9.575152258
1458,Sydbank Park (Haderslev),55.2613291,9.4877072
1459,Ceres Park & Arena (Århus),56.1316074,10.19619138
1460,Right to Dream Park (Farum),55.81619865,12.35303259
1461,Brøndby Stadion (Brøndby),55.6503299,12.4170778
1462,Nature Energy Park (Odense),55.397745,10.35022493
1463,Aalborg Portland Park (Aalborg),57.05203525,9.898599342
1464,CASA Arena Horsens (Horsens),55.87177805,9.857520727
1465,Cepheus Park Randers (Randers),56.46607165,10.01015413
1466,Lyngby Stadion (Lyngby),55.7813228,12.50571451
1467,Brøndby Stadion (Brøndby),55.6503299,12.4170778
1468,MCH Arena (Herning),56.1169164,8.951716477
1469,Telia Parken (København),55.70270425,12.57226378
1470,Blue Water Arena (Esbjerg),55.48194305,8.438397123
1471,Sydbank Park (Haderslev),55.2613291,9.4877072
1472,JYSK park (Silkeborg),56.184187,9.575152258
1473,Nature Energy Park (Odense),55.397745,10.35022493
1474,MCH Arena (Herning),56.1169164,8.951716477
1475,Right to Dream Park (Farum),55.81619865,12.35303259
1476,DS Arena (Hobro),56.63315375,9.817017588
1477,Right to Dream Park (Farum),55.81619865,12.35303259
1478,Cepheus Park Randers (Randers),56.46607165,10.01015413
1479,Lyngby Stadion (Lyngby),55.7813228,12.50571451
1480,JYSK park (Silkeborg),56.184187,9.575152258
1481,Aalborg Portland Park (Aalborg),57.05203525,9.898599342
1482,CASA Arena Horsens (Horsens),55.87177805,9.857520727
1483,Ceres Park & Arena (Århus),56.1316074,10.19619138
1484,Blue Water Arena (Esbjerg),55.48194305,8.438397123
1485,CASA Arena Horsens (Horsens),55.87177805,9.857520727
1486,Nature Energy Park (Odense),55.397745,10.35022493
1487,Brøndby Stadion (Brøndby),55.6503299,12.4170778
1488,Telia Parken (København),55.70270425,12.57226378
1489,MCH Arena (Herning),56.1169164,8.951716477
1490,DS Arena (Hobro),56.63315375,9.817017588
1491,Sydbank Park (Haderslev),55.2613291,9.4877072
1492,Aalborg Portland Park (Aalborg),57.05203525,9.898599342
1493,Telia Parken (København),55.70270425,12.57226378
1494,Right to Dream Park (Farum),55.81619865,12.35303259
1495,Cepheus Park Randers (Randers),56.46607165,10.01015413
1496,JYSK park (Silkeborg),56.184187,9.575152258
1497,Ceres Park & Arena (Århus),56.1316074,10.19619138
1498,JYSK park (Silkeborg),56.184187,9.575152258
1499,Blue Water Arena (Esbjerg),55.48194305,8.438397123
1500,Cepheus Park Randers (Randers),56.46607165,10.01015413
1501,MCH Arena (Herning),56.1169164,8.951716477
1502,Lyngby Stadion (Lyngby),55.7813228,12.50571451
1503,Ceres Park & Arena (Århus),56.1316074,10.19619138
1504,Brøndby Stadion (Brøndby),55.6503299,12.4170778
1505,Telia Parken (København),55.70270425,12.57226378
1506,Sydbank Park (Haderslev),55.2613291,9.4877072
1507,Aalborg Portland Park (Aalborg),57.05203525,9.898599342
1508,Nature Energy Park (Odense),55.397745,10.35022493
1509,CASA Arena Horsens (Horsens),55.87177805,9.857520727
1510,Right to Dream Park (Farum),55.81619865,12.35303259
1511,DS Arena (Hobro),56.63315375,9.817017588
1512,Blue Water Arena (Esbjerg),55.48194305,8.438397123
1513,DS Arena (Hobro),56.63315375,9.817017588
1514,Aalborg Portland Park (Aalborg),57.05203525,9.898599342
1515,Sydbank Park (Haderslev),55.2613291,9.4877072
1516,Right to Dream Park (Farum),55.81619865,12.35303259
1517,Brøndby Stadion (Brøndby),55.6503299,12.4170778
1518,JYSK park (Silkeborg),56.184187,9.575152258
1519,CASA Arena Horsens (Horsens),55.87177805,9.857520727
1520,Cepheus Park Randers (Randers),56.46607165,10.01015413
1521,Ceres Park & Arena (Århus),56.1316074,10.19619138
1522,Telia Parken (København),55.70270425,12.57226378
1523,Lyngby Stadion (Lyngby),55.7813228,12.50571451
1524,Nature Energy Park (Odense),55.397745,10.35022493
1525,MCH Arena (Herning),56.1169164,8.951716477
1526,CASA Arena Horsens (Horsens),55.87177805,9.857520727
1527,Aalborg Portland Park (Aalborg),57.05203525,9.898599342
1528,JYSK park (Silkeborg),56.184187,9.575152258
1529,Blue Water Arena (Esbjerg),55.48194305,8.438397123
1530,Brøndby Stadion (Brøndby),55.6503299,12.4170778
1531,MCH Arena (Herning),56.1169164,8.951716477
1532,Lyngby Stadion (Lyngby),55.7813228,12.50571451
1533,Ceres Park & Arena (Århus),56.1316074,10.19619138
1534,Sydbank Park (Haderslev),55.2613291,9.4877072
1535,Cepheus Park Randers (Randers),56.46607165,10.01015413
1536,DS Arena (Hobro),56.63315375,9.817017588
1537,Right to Dream Park (Farum),55.81619865,12.35303259
1538,Telia Parken (København),55.70270425,12.57226378
1539,Nature Energy Park (Odense),55.397745,10.35022493
1540,Blue Water Arena (Esbjerg),55.48194305,8.438397123
1541,JYSK park (Silkeborg),56.184187,9.575152258
1542,Sydbank Park (Haderslev),55.2613291,9.4877072
1543,Right to Dream Park (Farum),55.81619865,12.35303259
1544,DS Arena (Hobro),56.63315375,9.817017588
1545,Aalborg Portland Park (Aalborg),57.05203525,9.898599342
1546,Ceres Park & Arena (Århus),56.1316074,10.19619138
1547,Cepheus Park Randers (Randers),56.46607165,10.01015413
1548,CASA Arena Horsens (Horsens),55.87177805,9.857520727
1549,Nature Energy Park (Odense),55.397745,10.35022493
1550,Lyngby Stadion (Lyngby),55.7813228,12.50571451
1551,Brøndby Stadion (Brøndby),55.6503299,12.4170778
1552,Aalborg Portland Park (Aalborg),57.05203525,9.898599342
1553,MCH Arena (Herning),56.1169164,8.951716477
1554,Cepheus Park Randers (Randers),56.46607165,10.01015413
1555,Right to Dream Park (Farum),55.81619865,12.35303259
1556,Telia Parken (København),55.70270425,12.57226378
1557,Ceres Park & Arena (Århus),56.1316074,10.19619138
1558,DS Arena (Hobro),56.63315375,9.817017588
1559,MCH Arena (Herning),56.1169164,8.951716477
1560,Nature Energy Park (Odense),55.397745,10.35022493
1561,Brøndby Stadion (Brøndby),55.6503299,12.4170778
1562,Telia Parken (København),55.70270425,12.57226378
1563,Lyngby Stadion (Lyngby),55.7813228,12.50571451
1564,Right to Dream Park (Farum),55.81619865,12.35303259
1565,Brøndby Stadion (Brøndby),55.6503299,12.4170778
1566,Nature Energy Park (Odense),55.397745,10.35022493
1567,Aalborg Portland Park (Aalborg),57.05203525,9.898599342
1568,CASA Arena Horsens (Horsens),55.87177805,9.857520727
1569,MCH Arena (Herning),56.1169164,8.951716477
1570,Telia Parken (København),55.70270425,12.57226378
1571,Ceres Park & Arena (Århus),56.1316074,10.19619138
1572,Ceres Park & Arena (Århus),56.1316074,10.19619138
1573,No value,None,None
1574,Sydbank Park (Haderslev),55.2613291,9.4877072
1575,CASA Arena Horsens (Horsens),55.87177805,9.857520727
1576,Lyngby Stadion (Lyngby),55.7813228,12.50571451
1577,Brøndby Stadion (Brøndby),55.6503299,12.4170778
1578,Nature Energy Park (Odense),55.397745,10.35022493
1579,Ceres Park & Arena (Århus),56.1316074,10.19619138
1580,MCH Arena (Herning),56.1169164,8.951716477
1581,Nature Energy Park (Odense),55.397745,10.35022493
1582,Telia Parken (København),55.70270425,12.57226378
1583,Cepheus Park Randers (Randers),56.46607165,10.01015413
1584,Vejle Stadion (Vejle),55.7137241,9.556157838
1585,Aalborg Portland Park (Aalborg),57.05203525,9.898599342
1586,MCH Arena (Herning),56.1169164,8.951716477
1587,Ceres Park & Arena (Århus),56.1316074,10.19619138
1588,Sydbank Park (Haderslev),55.2613291,9.4877072
1589,Brøndby Stadion (Brøndby),55.6503299,12.4170778
1590,Vejle Stadion (Vejle),55.7137241,9.556157838
1591,Right to Dream Park (Farum),55.81619865,12.35303259
1592,Cepheus Park Randers (Randers),56.46607165,10.01015413
1593,Nature Energy Park (Odense),55.397745,10.35022493
1594,Lyngby Stadion (Lyngby),55.7813228,12.50571451
1595,Aalborg Portland Park (Aalborg),57.05203525,9.898599342
1596,CASA Arena Horsens (Horsens),55.87177805,9.857520727
1597,Telia Parken (København),55.70270425,12.57226378
1598,MCH Arena (Herning),56.1169164,8.951716477
1599,Ceres Park & Arena (Århus),56.1316074,10.19619138
1600,Vejle Stadion (Vejle),55.7137241,9.556157838
1601,Sydbank Park (Haderslev),55.2613291,9.4877072
1602,Telia Parken (København),55.70270425,12.57226378
1603,Right to Dream Park (Farum),55.81619865,12.35303259
1604,Lyngby Stadion (Lyngby),55.7813228,12.50571451
1605,Brøndby Stadion (Brøndby),55.6503299,12.4170778
1606,CASA Arena Horsens (Horsens),55.87177805,9.857520727
1607,Cepheus Park Randers (Randers),56.46607165,10.01015413
1608,Ceres Park & Arena (Århus),56.1316074,10.19619138
1609,Aalborg Portland Park (Aalborg),57.05203525,9.898599342
1610,Vejle Stadion (Vejle),55.7137241,9.556157838
1611,Right to Dream Park (Farum),55.81619865,12.35303259
1612,Nature Energy Park (Odense),55.397745,10.35022493
1613,Telia Parken (København),55.70270425,12.57226378
1614,Aalborg Portland Park (Aalborg),57.05203525,9.898599342
1615,Sydbank Park (Haderslev),55.2613291,9.4877072
1616,Cepheus Park Randers (Randers),56.46607165,10.01015413
1617,Right to Dream Park (Farum),55.81619865,12.35303259
1618,Lyngby Stadion (Lyngby),55.7813228,12.50571451
1619,Brøndby Stadion (Brøndby),55.6503299,12.4170778
1620,MCH Arena (Herning),56.1169164,8.951716477
1621,CASA Arena Horsens (Horsens),55.87177805,9.857520727
1622,Lyngby Stadion (Lyngby),55.7813228,12.50571451
1623,Nature Energy Park (Odense),55.397745,10.35022493
1624,Aalborg Portland Park (Aalborg),57.05203525,9.898599342
1625,Ceres Park & Arena (Århus),56.1316074,10.19619138
1626,Vejle Stadion (Vejle),55.7137241,9.556157838
1627,Parken (København),55.70270425,12.57226378
1628,Cepheus Park Randers (Randers),56.46607165,10.01015413
1629,MCH Arena (Herning),56.1169164,8.951716477
1630,CASA Arena Horsens (Horsens),55.87177805,9.857520727
1631,Sydbank Park (Haderslev),55.2613291,9.4877072
1632,Right to Dream Park (Farum),55.81619865,12.35303259
1633,Brøndby Stadion (Brøndby),55.6503299,12.4170778
1634,Nature Energy Park (Odense),55.397745,10.35022493
1635,Vejle Stadion (Vejle),55.7137241,9.556157838
1636,Sydbank Park (Haderslev),55.2613291,9.4877072
1637,Parken (København),55.70270425,12.57226378
1638,Lyngby Stadion (Lyngby),55.7813228,12.50571451
1639,Ceres Park & Arena (Århus),56.1316074,10.19619138
1640,Cepheus Park Randers (Randers),56.46607165,10.01015413
1641,CASA Arena Horsens (Horsens),55.87177805,9.857520727
1642,Aalborg Portland Park (Aalborg),57.05203525,9.898599342
1643,Right to Dream Park (Farum),55.81619865,12.35303259
1644,Brøndby Stadion (Brøndby),55.6503299,12.4170778
1645,Nature Energy Park (Odense),55.397745,10.35022493
1646,Sydbank Park (Haderslev),55.2613291,9.4877072
1647,Lyngby Stadion (Lyngby),55.7813228,12.50571451
1648,Ceres Park & Arena (Århus),56.1316074,10.19619138
1649,Parken (København),55.70270425,12.57226378
1650,CASA Arena Horsens (Horsens),55.87177805,9.857520727
1651,MCH Arena (Herning),56.1169164,8.951716477
1652,Cepheus Park Randers (Randers),56.46607165,10.01015413
1653,Vejle Stadion (Vejle),55.7137241,9.556157838
1654,Nature Energy Park (Odense),55.397745,10.35022493
1655,Aalborg Portland Park (Aalborg),57.05203525,9.898599342
1656,MCH Arena (Herning),56.1169164,8.951716477
1657,Right to Dream Park (Farum),55.81619865,12.35303259
1658,Sydbank Park (Haderslev),55.2613291,9.4877072
1659,Right to Dream Park (Farum),55.81619865,12.35303259
1660,CASA Arena Horsens (Horsens),55.87177805,9.857520727
1661,Ceres Park & Arena (Århus),56.1316074,10.19619138
1662,Brøndby Stadion (Brøndby),55.6503299,12.4170778
1663,Cepheus Park Randers (Randers),56.46607165,10.01015413
1664,Aalborg Portland Park (Aalborg),57.05203525,9.898599342
1665,Vejle Stadion (Vejle),55.7137241,9.556157838
1666,Lyngby Stadion (Lyngby),55.7813228,12.50571451
1667,MCH Arena (Herning),56.1169164,8.951716477
1668,Nature Energy Park (Odense),55.397745,10.35022493
1669,Parken (København),55.70270425,12.57226378
1670,Aalborg Portland Park (Aalborg),57.05203525,9.898599342
1671,Cepheus Park Randers (Randers),56.46607165,10.01015413
1672,CASA Arena Horsens (Horsens),55.87177805,9.857520727
1673,Ceres Park & Arena (Århus),56.1316074,10.19619138
1674,Brøndby Stadion (Brøndby),55.6503299,12.4170778
1675,Lyngby Stadion (Lyngby),55.7813228,12.50571451
1676,Vejle Stadion (Vejle),55.7137241,9.556157838
1677,Nature Energy Park (Odense),55.397745,10.35022493
1678,Right to Dream Park (Farum),55.81619865,12.35303259
1679,Parken (København),55.70270425,12.57226378
1680,MCH Arena (Herning),56.1169164,8.951716477
1681,Sydbank Park (Haderslev),55.2613291,9.4877072
1682,Ceres Park & Arena (Århus),56.1316074,10.19619138
1683,CASA Arena Horsens (Horsens),55.87177805,9.857520727
1684,Parken (København),55.70270425,12.57226378
1685,Sydbank Park (Haderslev),55.2613291,9.4877072
1686,Lyngby Stadion (Lyngby),55.7813228,12.50571451
1687,Brøndby Stadion (Brøndby),55.6503299,12.4170778
1688,Cepheus Park Randers (Randers),56.46607165,10.01015413
1689,Brøndby Stadion (Brøndby),55.6503299,12.4170778
1690,MCH Arena (Herning),56.1169164,8.951716477
1691,Right to Dream Park (Farum),55.81619865,12.35303259
1692,Vejle Stadion (Vejle),55.7137241,9.556157838
1693,Aalborg Portland Park (Aalborg),57.05203525,9.898599342
1694,Lyngby Stadion (Lyngby),55.7813228,12.50571451
1695,Sydbank Park (Haderslev),55.2613291,9.4877072
1696,Vejle Stadion (Vejle),55.7137241,9.556157838
1697,Nature Energy Park (Odense),55.397745,10.35022493
1698,Parken (København),55.70270425,12.57226378
1699,Ceres Park & Arena (Århus),56.1316074,10.19619138
1700,Brøndby Stadion (Brøndby),55.6503299,12.4170778
1701,MCH Arena (Herning),56.1169164,8.951716477
1702,Cepheus Park Randers (Randers),56.46607165,10.01015413
1703,CASA Arena Horsens (Horsens),55.87177805,9.857520727
1704,Right to Dream Park (Farum),55.81619865,12.35303259
1705,Aalborg Portland Park (Aalborg),57.05203525,9.898599342
1706,CASA Arena Horsens (Horsens),55.87177805,9.857520727
1707,Right to Dream Park (Farum),55.81619865,12.35303259
1708,Aalborg Portland Park (Aalborg),57.05203525,9.898599342
1709,Parken (København),55.70270425,12.57226378
1710,MCH Arena (Herning),56.1169164,8.951716477
1711,Lyngby Stadion (Lyngby),55.7813228,12.50571451
1712,Nature Energy Park (Odense),55.397745,10.35022493
1713,Cepheus Park Randers (Randers),56.46607165,10.01015413
1714,Sydbank Park (Haderslev),55.2613291,9.4877072
1715,Brøndby Stadion (Brøndby),55.6503299,12.4170778
1716,Ceres Park & Arena (Århus),56.1316074,10.19619138
1717,Lyngby Stadion (Lyngby),55.7813228,12.50571451
1718,Vejle Stadion (Vejle),55.7137241,9.556157838
1719,CASA Arena Horsens (Horsens),55.87177805,9.857520727
1720,Nature Energy Park (Odense),55.397745,10.35022493
1721,Parken (København),55.70270425,12.57226378
1722,Brøndby Stadion (Brøndby),55.6503299,12.4170778
1723,Cepheus Park Randers (Randers),56.46607165,10.01015413
1724,Lyngby Stadion (Lyngby),55.7813228,12.50571451
1725,Aalborg Portland Park (Aalborg),57.05203525,9.898599342
1726,Right to Dream Park (Farum),55.81619865,12.35303259
1727,Ceres Park & Arena (Århus),56.1316074,10.19619138
1728,Vejle Stadion (Vejle),55.7137241,9.556157838
1729,MCH Arena (Herning),56.1169164,8.951716477
1730,CASA Arena Horsens (Horsens),55.87177805,9.857520727
1731,Sydbank Park (Haderslev),55.2613291,9.4877072
1732,Brøndby Stadion (Brøndby),55.6503299,12.4170778
1733,Nature Energy Park (Odense),55.397745,10.35022493
1734,Aalborg Portland Park (Aalborg),57.05203525,9.898599342
1735,Right to Dream Park (Farum),55.81619865,12.35303259
1736,CASA Arena Horsens (Horsens),55.87177805,9.857520727
1737,Aalborg Portland Park (Aalborg),57.05203525,9.898599342
1738,Sydbank Park (Haderslev),55.2613291,9.4877072
1739,Cepheus Park Randers (Randers),56.46607165,10.01015413
1740,MCH Arena (Herning),56.1169164,8.951716477
1741,Parken (København),55.70270425,12.57226378
1742,Nature Energy Park (Odense),55.397745,10.35022493
1743,Lyngby Stadion (Lyngby),55.7813228,12.50571451
1744,Vejle Stadion (Vejle),55.7137241,9.556157838
1745,Cepheus Park Randers (Randers),56.46607165,10.01015413
1746,Brøndby Stadion (Brøndby),55.6503299,12.4170778
1747,Right to Dream Park (Farum),55.81619865,12.35303259
1748,Vejle Stadion (Vejle),55.7137241,9.556157838
1749,MCH Arena (Herning),56.1169164,8.951716477
1750,Aalborg Portland Park (Aalborg),57.05203525,9.898599342
1751,Parken (København),55.70270425,12.57226378
1752,Ceres Park & Arena (Århus),56.1316074,10.19619138
1753,Sydbank Park (Haderslev),55.2613291,9.4877072
1754,Aalborg Portland Park (Aalborg),57.05203525,9.898599342
1755,Right to Dream Park (Farum),55.81619865,12.35303259
1756,Parken (København),55.70270425,12.57226378
1757,CASA Arena Horsens (Horsens),55.87177805,9.857520727
1758,Lyngby Stadion (Lyngby),55.7813228,12.50571451
1759,Ceres Park & Arena (Århus),56.1316074,10.19619138
1760,Sydbank Park (Haderslev),55.2613291,9.4877072
1761,Vejle Stadion (Vejle),55.7137241,9.556157838
1762,Nature Energy Park (Odense),55.397745,10.35022493
1763,Brøndby Stadion (Brøndby),55.6503299,12.4170778
1764,MCH Arena (Herning),56.1169164,8.951716477
1765,Cepheus Park Randers (Randers),56.46607165,10.01015413
1766,Ceres Park & Arena (Århus),56.1316074,10.19619138
1767,No value,None,None
1768,MCH Arena (Herning),56.1169164,8.951716477
1769,Right to Dream Park (Farum),55.81619865,12.35303259
1770,Vejle Stadion (Vejle),55.7137241,9.556157838
1771,Parken (København),55.70270425,12.57226378
1772,Ceres Park & Arena (Århus),56.1316074,10.19619138
1773,JYSK park (Silkeborg),56.184187,9.575152258
1774,Aalborg Portland Park (Aalborg),57.05203525,9.898599342
1775,Right to Dream Park (Farum),55.81619865,12.35303259
1776,Cepheus Park Randers (Randers),56.46607165,10.01015413
1777,Parken (København),55.70270425,12.57226378
1778,Brøndby Stadion (Brøndby),55.6503299,12.4170778
1779,Sydbank Park (Haderslev),55.2613291,9.4877072
1780,Energi Viborg Arena (Viborg),56.4559039,9.40202035
1781,Ceres Park & Arena (Århus),56.1316074,10.19619138
1782,JYSK park (Silkeborg),56.184187,9.575152258
1783,Vejle Stadion (Vejle),55.7137241,9.556157838
1784,Nature Energy Park (Odense),55.397745,10.35022493
1785,Sydbank Park (Haderslev),55.2613291,9.4877072
1786,JYSK park (Silkeborg),56.184187,9.575152258
1787,MCH Arena (Herning),56.1169164,8.951716477
1788,Cepheus Park Randers (Randers),56.46607165,10.01015413
1789,Parken (København),55.70270425,12.57226378
1790,Aalborg Portland Park (Aalborg),57.05203525,9.898599342
1791,Right to Dream Park (Farum),55.81619865,12.35303259
1792,Sydbank Park (Haderslev),55.2613291,9.4877072
1793,Energi Viborg Arena (Viborg),56.4559039,9.40202035
1794,Brøndby Stadion (Brøndby),55.6503299,12.4170778
1795,Nature Energy Park (Odense),55.397745,10.35022493
1796,Ceres Park & Arena (Århus),56.1316074,10.19619138
1797,Vejle Stadion (Vejle),55.7137241,9.556157838
1798,MCH Arena (Herning),56.1169164,8.951716477
1799,Nature Energy Park (Odense),55.397745,10.35022493
1800,Cepheus Park Randers (Randers),56.46607165,10.01015413
1801,Parken (København),55.70270425,12.57226378
1802,Energi Viborg Arena (Viborg),56.4559039,9.40202035
1803,Right to Dream Park (Farum),55.81619865,12.35303259
1804,Aalborg Portland Park (Aalborg),57.05203525,9.898599342
1805,Sydbank Park (Haderslev),55.2613291,9.4877072
1806,JYSK park (Silkeborg),56.184187,9.575152258
1807,Vejle Stadion (Vejle),55.7137241,9.556157838
1808,Ceres Park & Arena (Århus),56.1316074,10.19619138
1809,Brøndby Stadion (Brøndby),55.6503299,12.4170778
1810,MCH Arena (Herning),56.1169164,8.951716477
1811,Brøndby Stadion (Brøndby),55.6503299,12.4170778
1812,Energi Viborg Arena (Viborg),56.4559039,9.40202035
1813,Cepheus Park Randers (Randers),56.46607165,10.01015413
1814,Ceres Park & Arena (Århus),56.1316074,10.19619138
1815,Nature Energy Park (Odense),55.397745,10.35022493
1816,Aalborg Portland Park (Aalborg),57.05203525,9.898599342
1817,Vejle Stadion (Vejle),55.7137241,9.556157838
1818,Cepheus Park Randers (Randers),56.46607165,10.01015413
1819,Sydbank Park (Haderslev),55.2613291,9.4877072
1820,Parken (København),55.70270425,12.57226378
1821,JYSK park (Silkeborg),56.184187,9.575152258
1822,MCH Arena (Herning),56.1169164,8.951716477
1823,Energi Viborg Arena (Viborg),56.4559039,9.40202035
1824,Right to Dream Park (Farum),55.81619865,12.35303259
1825,Brøndby Stadion (Brøndby),55.6503299,12.4170778
1826,Vejle Stadion (Vejle),55.7137241,9.556157838
1827,Ceres Park & Arena (Århus),56.1316074,10.19619138
1828,Nature Energy Park (Odense),55.397745,10.35022493
1829,Aalborg Portland Park (Aalborg),57.05203525,9.898599342
1830,JYSK park (Silkeborg),56.184187,9.575152258
1831,MCH Arena (Herning),56.1169164,8.951716477
1832,Cepheus Park Randers (Randers),56.46607165,10.01015413
1833,Parken (København),55.70270425,12.57226378
1834,Energi Viborg Arena (Viborg),56.4559039,9.40202035
1835,Right to Dream Park (Farum),55.81619865,12.35303259
1836,Nature Energy Park (Odense),55.397745,10.35022493
1837,Brøndby Stadion (Brøndby),55.6503299,12.4170778
1838,Sydbank Park (Haderslev),55.2613291,9.4877072
1839,Ceres Park & Arena (Århus),56.1316074,10.19619138
1840,Vejle Stadion (Vejle),55.7137241,9.556157838
1841,Brøndby Stadion (Brøndby),55.6503299,12.4170778
1842,JYSK park (Silkeborg),56.184187,9.575152258
1843,Cepheus Park Randers (Randers),56.46607165,10.01015413
1844,MCH Arena (Herning),56.1169164,8.951716477
1845,Aalborg Portland Park (Aalborg),57.05203525,9.898599342
1846,Right to Dream Park (Farum),55.81619865,12.35303259
1847,Cepheus Park Randers (Randers),56.46607165,10.01015413
1848,Parken (København),55.70270425,12.57226378
1849,Energi Viborg Arena (Viborg),56.4559039,9.40202035
1850,Sydbank Park (Haderslev),55.2613291,9.4877072
1851,Nature Energy Park (Odense),55.397745,10.35022493
1852,Energi Viborg Arena (Viborg),56.4559039,9.40202035
1853,Aalborg Portland Park (Aalborg),57.05203525,9.898599342
1854,Vejle Stadion (Vejle),55.7137241,9.556157838
1855,Ceres Park & Arena (Århus),56.1316074,10.19619138
1856,Brøndby Stadion (Brøndby),55.6503299,12.4170778
1857,JYSK park (Silkeborg),56.184187,9.575152258
1858,Nature Energy Park (Odense),55.397745,10.35022493
1859,Right to Dream Park (Farum),55.81619865,12.35303259
1860,Cepheus Park Randers (Randers),56.46607165,10.01015413
1861,Parken (København),55.70270425,12.57226378
1862,MCH Arena (Herning),56.1169164,8.951716477
1863,Sydbank Park (Haderslev),55.2613291,9.4877072
1864,Ceres Park & Arena (Århus),56.1316074,10.19619138
1865,Nature Energy Park (Odense),55.397745,10.35022493
1866,Energi Viborg Arena (Viborg),56.4559039,9.40202035
1867,Brøndby Stadion (Brøndby),55.6503299,12.4170778
1868,Aalborg Portland Park (Aalborg),57.05203525,9.898599342
1869,Vejle Stadion (Vejle),55.7137241,9.556157838
1870,Sydbank Park (Haderslev),55.2613291,9.4877072
1871,MCH Arena (Herning),56.1169164,8.951716477
1872,JYSK park (Silkeborg),56.184187,9.575152258
1873,Right to Dream Park (Farum),55.81619865,12.35303259
1874,Parken (København),55.70270425,12.57226378
1875,Cepheus Park Randers (Randers),56.46607165,10.01015413
1876,Vejle Stadion (Vejle),55.7137241,9.556157838
1877,Aalborg Portland Park (Aalborg),57.05203525,9.898599342
1878,Right to Dream Park (Farum),55.81619865,12.35303259
1879,Energi Viborg Arena (Viborg),56.4559039,9.40202035
1880,Nature Energy Park (Odense),55.397745,10.35022493
1881,Brøndby Stadion (Brøndby),55.6503299,12.4170778
1882,MCH Arena (Herning),56.1169164,8.951716477
1883,Parken (København),55.70270425,12.57226378
1884,Sydbank Park (Haderslev),55.2613291,9.4877072
1885,Aalborg Portland Park (Aalborg),57.05203525,9.898599342
1886,JYSK park (Silkeborg),56.184187,9.575152258
1887,Ceres Park & Arena (Århus),56.1316074,10.19619138
1888,Right to Dream Park (Farum),55.81619865,12.35303259
1889,Energi Viborg Arena (Viborg),56.4559039,9.40202035
1890,Cepheus Park Randers (Randers),56.46607165,10.01015413
1891,Brøndby Stadion (Brøndby),55.6503299,12.4170778
1892,MCH Arena (Herning),56.1169164,8.951716477
1893,Nature Energy Park (Odense),55.397745,10.35022493
1894,Ceres Park & Arena (Århus),56.1316074,10.19619138
1895,Parken (København),55.70270425,12.57226378
1896,Aalborg Portland Park (Aalborg),57.05203525,9.898599342
1897,Vejle Stadion (Vejle),55.7137241,9.556157838
1898,Sydbank Park (Haderslev),55.2613291,9.4877072
1899,JYSK park (Silkeborg),56.184187,9.575152258
1900,Energi Viborg Arena (Viborg),56.4559039,9.40202035
1901,Ceres Park & Arena (Århus),56.1316074,10.19619138
1902,Nature Energy Park (Odense),55.397745,10.35022493
1903,Brøndby Stadion (Brøndby),55.6503299,12.4170778
1904,Aalborg Portland Park (Aalborg),57.05203525,9.898599342
1905,MCH Arena (Herning),56.1169164,8.951716477
1906,Aalborg Portland Park (Aalborg),57.05203525,9.898599342
1907,Sydbank Park (Haderslev),55.2613291,9.4877072
1908,Right to Dream Park (Farum),55.81619865,12.35303259
1909,JYSK park (Silkeborg),56.184187,9.575152258
1910,Parken (København),55.70270425,12.57226378
1911,Vejle Stadion (Vejle),55.7137241,9.556157838
1912,Cepheus Park Randers (Randers),56.46607165,10.01015413
1913,Nature Energy Park (Odense),55.397745,10.35022493
1914,Ceres Park & Arena (Århus),56.1316074,10.19619138
1915,JYSK park (Silkeborg),56.184187,9.575152258
1916,Brøndby Stadion (Brøndby),55.6503299,12.4170778
1917,Right to Dream Park (Farum),55.81619865,12.35303259
1918,Energi Viborg Arena (Viborg),56.4559039,9.40202035
1919,Sydbank Park (Haderslev),55.2613291,9.4877072
1920,Vejle Stadion (Vejle),55.7137241,9.556157838
1921,Parken (København),55.70270425,12.57226378
1922,MCH Arena (Herning),56.1169164,8.951716477
1923,Cepheus Park Randers (Randers),56.46607165,10.01015413
1924,Sydbank Park (Haderslev),55.2613291,9.4877072
1925,Right to Dream Park (Farum),55.81619865,12.35303259
1926,Aalborg Portland Park (Aalborg),57.05203525,9.898599342
1927,Parken (København),55.70270425,12.57226378
1928,Ceres Park & Arena (Århus),56.1316074,10.19619138
1929,Brøndby Stadion (Brøndby),55.6503299,12.4170778
1930,Energi Viborg Arena (Viborg),56.4559039,9.40202035
1931,Nature Energy Park (Odense),55.397745,10.35022493
1932,Vejle Stadion (Vejle),55.7137241,9.556157838
1933,Cepheus Park Randers (Randers),56.46607165,10.01015413
1934,MCH Arena (Herning),56.1169164,8.951716477
1935,JYSK park (Silkeborg),56.184187,9.575152258
1936,JYSK park (Silkeborg),56.184187,9.575152258
1937,Right to Dream Park (Farum),55.81619865,12.35303259
1938,Brøndby Stadion (Brøndby),55.6503299,12.4170778
1939,Aalborg Portland Park (Aalborg),57.05203525,9.898599342
1940,Ceres Park & Arena (Århus),56.1316074,10.19619138
1941,Energi Viborg Arena (Viborg),56.4559039,9.40202035
1942,Sydbank Park (Haderslev),55.2613291,9.4877072
1943,Cepheus Park Randers (Randers),56.46607165,10.01015413
1944,Parken (København),55.70270425,12.57226378
1945,Vejle Stadion (Vejle),55.7137241,9.556157838
1946,Nature Energy Park (Odense),55.397745,10.35022493
1947,MCH Arena (Herning),56.1169164,8.951716477
1948,Right to Dream Park (Farum),55.81619865,12.35303259
1949,Nature Energy Park (Odense),55.397745,10.35022493
1950,Cepheus Park Randers (Randers),56.46607165,10.01015413
1951,Aalborg Portland Park (Aalborg),57.05203525,9.898599342
1952,Energi Viborg Arena (Viborg),56.4559039,9.40202035
1953,JYSK park (Silkeborg),56.184187,9.575152258
1954,Ceres Park & Arena (Århus),56.1316074,10.19619138
1955,Vejle Stadion (Vejle),55.7137241,9.556157838
1956,Sydbank Park (Haderslev),55.2613291,9.4877072
1957,Parken (København),55.70270425,12.57226378
1958,MCH Arena (Herning),56.1169164,8.951716477
1959,Brøndby Stadion (Brøndby),55.6503299,12.4170778
1960,Aalborg Portland Park (Aalborg),57.05203525,9.898599342
1961,No value,None,None
1962,MCH Arena (Herning),56.1169164,8.951716477
1963,Energi Viborg Arena (Viborg),56.4559039,9.40202035
1964,Lyngby Stadion (Lyngby),55.7813228,12.50571451
1965,Parken (København),55.70270425,12.57226378
1966,Brøndby Stadion (Brøndby),55.6503299,12.4170778
1967,Nature Energy Park (Odense),55.397745,10.35022493
1968,MCH Arena (Herning),56.1169164,8.951716477
1969,Ceres Park & Arena (Århus),56.1316074,10.19619138
1970,Cepheus Park Randers (Randers),56.46607165,10.01015413
1971,Brøndby Stadion (Brøndby),55.6503299,12.4170778
1972,Aalborg Portland Park (Aalborg),57.05203525,9.898599342
1973,CASA Arena Horsens (Horsens),55.87177805,9.857520727
1974,Nature Energy Park (Odense),55.397745,10.35022493
1975,Ceres Park & Arena (Århus),56.1316074,10.19619138
1976,Aalborg Portland Park (Aalborg),57.05203525,9.898599342
1977,Energi Viborg Arena (Viborg),56.4559039,9.40202035
1978,JYSK park (Silkeborg),56.184187,9.575152258
1979,Right to Dream Park (Farum),55.81619865,12.35303259
1980,Cepheus Park Randers (Randers),56.46607165,10.01015413
1981,Lyngby Stadion (Lyngby),55.7813228,12.50571451
1982,Right to Dream Park (Farum),55.81619865,12.35303259
1983,Parken (København),55.70270425,12.57226378
1984,Nature Energy Park (Odense),55.397745,10.35022493
1985,JYSK park (Silkeborg),56.184187,9.575152258
1986,CASA Arena Horsens (Horsens),55.87177805,9.857520727
1987,Parken (København),55.70270425,12.57226378
1988,Energi Viborg Arena (Viborg),56.4559039,9.40202035
1989,Aalborg Portland Park (Aalborg),57.05203525,9.898599342
1990,Brøndby Stadion (Brøndby),55.6503299,12.4170778
1991,Ceres Park & Arena (Århus),56.1316074,10.19619138
1992,Lyngby Stadion (Lyngby),55.7813228,12.50571451
1993,MCH Arena (Herning),56.1169164,8.951716477
1994,Right to Dream Park (Farum),55.81619865,12.35303259
1995,Cepheus Park Randers (Randers),56.46607165,10.01015413
1996,Aalborg Portland Park (Aalborg),57.05203525,9.898599342
1997,Nature Energy Park (Odense),55.397745,10.35022493
1998,CASA Arena Horsens (Horsens),55.87177805,9.857520727
1999,Cepheus Park Randers (Randers),56.46607165,10.01015413
2000,Energi Viborg Arena (Viborg),56.4559039,9.40202035
2001,Right to Dream Park (Farum),55.81619865,12.35303259
2002,JYSK park (Silkeborg),56.184187,9.575152258
2003,Brøndby Stadion (Brøndby),55.6503299,12.4170778
2004,Parken (København),55.70270425,12.57226378
2005,Nature Energy Park (Odense),55.397745,10.35022493
2006,Lyngby Stadion (Lyngby),55.7813228,12.50571451
2007,CASA Arena Horsens (Horsens),55.87177805,9.857520727
2008,MCH Arena (Herning),56.1169164,8.951716477
2009,Ceres Park & Arena (Århus),56.1316074,10.19619138
2010,Nature Energy Park (Odense),55.397745,10.35022493
2011,Aalborg Portland Park (Aalborg),57.05203525,9.898599342
2012,Right to Dream Park (Farum),55.81619865,12.35303259
2013,Brøndby Stadion (Brøndby),55.6503299,12.4170778
2014,JYSK park (Silkeborg),56.184187,9.575152258
2015,Energi Viborg Arena (Viborg),56.4559039,9.40202035
2016,CASA Arena Horsens (Horsens),55.87177805,9.857520727
2017,Ceres Park & Arena (Århus),56.1316074,10.19619138
2018,Lyngby Stadion (Lyngby),55.7813228,12.50571451
2019,Cepheus Park Randers (Randers),56.46607165,10.01015413
2020,Energi Viborg Arena (Viborg),56.4559039,9.40202035
2021,MCH Arena (Herning),56.1169164,8.951716477
2022,Aalborg Portland Park (Aalborg),57.05203525,9.898599342
2023,MCH Arena (Herning),56.1169164,8.951716477
2024,JYSK park (Silkeborg),56.184187,9.575152258
2025,Brøndby Stadion (Brøndby),55.6503299,12.4170778
2026,Parken (København),55.70270425,12.57226378
2027,Right to Dream Park (Farum),55.81619865,12.35303259
2028,Lyngby Stadion (Lyngby),55.7813228,12.50571451
2029,Parken (København),55.70270425,12.57226378
2030,Ceres Park & Arena (Århus),56.1316074,10.19619138
2031,Nature Energy Park (Odense),55.397745,10.35022493
2032,Cepheus Park Randers (Randers),56.46607165,10.01015413
2033,CASA Arena Horsens (Horsens),55.87177805,9.857520727
2034,Lyngby Stadion (Lyngby),55.7813228,12.50571451
2035,Brøndby Stadion (Brøndby),55.6503299,12.4170778
2036,Energi Viborg Arena (Viborg),56.4559039,9.40202035
2037,Right to Dream Park (Farum),55.81619865,12.35303259
2038,MCH Arena (Herning),56.1169164,8.951716477
2039,JYSK park (Silkeborg),56.184187,9.575152258
2040,Nature Energy Park (Odense),55.397745,10.35022493
2041,Parken (København),55.70270425,12.57226378
2042,Cepheus Park Randers (Randers),56.46607165,10.01015413
2043,Nordstern Arena Horsens (Horsens),55.87177805,9.857520727
2044,Ceres Park & Arena (Århus),56.1316074,10.19619138
2045,Aalborg Portland Park (Aalborg),57.05203525,9.898599342
2046,Right to Dream Park (Farum),55.81619865,12.35303259
2047,Cepheus Park Randers (Randers),56.46607165,10.01015413
2048,Lyngby Stadion (Lyngby),55.7813228,12.50571451
2049,JYSK park (Silkeborg),56.184187,9.575152258
2050,Brøndby Stadion (Brøndby),55.6503299,12.4170778
2051,MCH Arena (Herning),56.1169164,8.951716477
2052,Nordstern Arena Horsens (Horsens),55.87177805,9.857520727
2053,Aalborg Portland Park (Aalborg),57.05203525,9.898599342
2054,Energi Viborg Arena (Viborg),56.4559039,9.40202035